value,m,s,n,n_arms,eps,f_eps,f_n_arms,scaled_1,f_scaled_1,n_users,f_n_users
2,0.3229162980630058,0.04662306536863459,51,5.0,0.1,0.1,5,50.0,50,51.0,51
2,0.1437126286150319,0.00922877535806238,51,5.0,0.2,0.2,5,25.0,25,51.0,51
1,0.24291699467631614,0.018053803659255005,51,5.0,0.3,0.3,5,16.666666666666668,16.6666666666667,51.0,51
1,0.18789531506773838,0.00784708386444787,50,5.0,0.4,0.4,5,12.5,12.5,51.0,51
2,0.13023895518771433,0.004435046707712853,51,5.0,0.5,0.5,5,10.0,10,51.0,51
5,0.11418811944200065,0.0026013511370443724,51,5.0,0.6,0.6,5,8.333333333333334,8.33333333333333,51.0,51
3,0.10692924040239317,0.0026570726069900376,11,5.0,0.7,0.7,5,7.142857142857143,7.14285714285714,51.0,51
5,0.10842736734453597,0.002640109791853903,40,5.0,0.7,0.7,5,7.142857142857143,7.14285714285714,51.0,51
1,0.10016520717123246,0.0011977227522337274,6,5.0,0.8,0.8,5,6.25,6.25,51.0,51
2,0.10011858490624541,0.0017976750840716785,15,5.0,0.8,0.8,5,6.25,6.25,51.0,51
3,0.10047339513948099,8.221731203887166e-4,5,5.0,0.8,0.8,5,6.25,6.25,51.0,51
4,0.09997329514669355,0.0010772720355429427,5,5.0,0.8,0.8,5,6.25,6.25,51.0,51
5,0.10083386455093163,0.0016892530545841858,20,5.0,0.8,0.8,5,6.25,6.25,51.0,51
1,0.1073534255531017,0.002164318700291868,47,5.0,0.9,0.9,5,5.555555555555555,5.55555555555556,51.0,51
4,0.10447740413037551,0.0019458052622637406,4,5.0,0.9,0.9,5,5.555555555555555,5.55555555555556,51.0,51
1,0.44968490194699196,0.0026235018528004235,2,10.0,0.1,0.1,10,100.0,100,51.0,51
2,0.32292052127803506,0.002264770154370479,2,10.0,0.1,0.1,10,100.0,100,51.0,51
3,0.38753651996143335,0.06714043847121634,5,10.0,0.1,0.1,10,100.0,100,51.0,51
9,0.389252068879242,0.07569908186271083,42,10.0,0.1,0.1,10,100.0,100,51.0,51
1,0.3018924961150416,0.03778658846700488,26,10.0,0.2,0.2,10,50.0,50,51.0,51
3,0.31009834390864066,0.03762372116296979,22,10.0,0.2,0.2,10,50.0,50,51.0,51
9,0.2753895485010467,0.04250513306172808,2,10.0,0.2,0.2,10,50.0,50,51.0,51
1,0.2529483304704132,0.020354871927300674,21,10.0,0.3,0.3,10,33.333333333333336,33.3333333333333,51.0,51
2,0.2391108460499472,9.15956011326625e-4,3,10.0,0.3,0.3,10,33.333333333333336,33.3333333333333,51.0,51
3,0.23859910576803778,0.002846074631263682,2,10.0,0.3,0.3,10,33.333333333333336,33.3333333333333,51.0,51
4,0.2471294757655187,0.0033581922287848776,2,10.0,0.3,0.3,10,33.333333333333336,33.3333333333333,51.0,51
6,0.23896009087770614,0.005703963618756355,3,10.0,0.3,0.3,10,33.333333333333336,33.3333333333333,51.0,51
8,0.24276462186087794,0.0019301767887160471,3,10.0,0.3,0.3,10,33.333333333333336,33.3333333333333,51.0,51
10,0.2556687355846711,0.020686038509413782,17,10.0,0.3,0.3,10,33.333333333333336,33.3333333333333,51.0,51
5,0.3259003006990334,0.027492958987774384,22,10.0,0.4,0.4,10,25.0,25,51.0,51
7,0.31421507803534215,0.03364346944708716,3,10.0,0.4,0.4,10,25.0,25,51.0,51
9,0.3312009615512388,0.027554163251029964,26,10.0,0.4,0.4,10,25.0,25,51.0,51
2,0.2582914985402671,0.014703042148455416,28,10.0,0.5,0.5,10,20.0,20,51.0,51
6,0.26172687991460003,0.016552183215953215,21,10.0,0.5,0.5,10,20.0,20,51.0,51
9,0.24659052658535163,0.01386779912468652,2,10.0,0.5,0.5,10,20.0,20,51.0,51
3,0.2314793034938702,0.009024347271703564,6,10.0,0.6,0.6,10,16.666666666666668,16.6666666666667,51.0,51
4,0.23711937844572695,0.016602905257325492,2,10.0,0.6,0.6,10,16.666666666666668,16.6666666666667,51.0,51
5,0.24028862787148828,0.01017326218290334,33,10.0,0.6,0.6,10,16.666666666666668,16.6666666666667,51.0,51
6,0.2309574824724449,0.010451435443166209,2,10.0,0.6,0.6,10,16.666666666666668,16.6666666666667,51.0,51
10,0.23744978544627376,0.006862307427317353,8,10.0,0.6,0.6,10,16.666666666666668,16.6666666666667,51.0,51
3,0.24409070887869663,0.01495898181371245,47,10.0,0.7,0.7,10,14.285714285714286,14.2857142857143,51.0,51
6,0.22267771415065651,0.006076157537418068,2,10.0,0.7,0.7,10,14.285714285714286,14.2857142857143,51.0,51
1,0.21954662782800632,0.009676197503034794,27,10.0,0.8,0.8,10,12.5,12.5,51.0,51
4,0.22023472322586662,0.009108742346357558,10,10.0,0.8,0.8,10,12.5,12.5,51.0,51
6,0.2174203479927893,0.007629237771058913,9,10.0,0.8,0.8,10,12.5,12.5,51.0,51
9,0.20900919375038285,0.004273797179872441,2,10.0,0.8,0.8,10,12.5,12.5,51.0,51
1,0.2084078843971535,0.004671337553243531,10,10.0,0.9,0.9,10,11.11111111111111,11.1111111111111,51.0,51
2,0.2085109765327784,0.0030903017144201955,3,10.0,0.9,0.9,10,11.11111111111111,11.1111111111111,51.0,51
3,0.2101072186574852,0.0027533977061336683,7,10.0,0.9,0.9,10,11.11111111111111,11.1111111111111,51.0,51
4,0.21312479452530014,0.006002820586945824,8,10.0,0.9,0.9,10,11.11111111111111,11.1111111111111,51.0,51
5,0.20852213598499422,0.005240589569445586,8,10.0,0.9,0.9,10,11.11111111111111,11.1111111111111,51.0,51
6,0.20655197811430143,0.002225439181173878,2,10.0,0.9,0.9,10,11.11111111111111,11.1111111111111,51.0,51
7,0.21190973384749764,0.009295182391327617,5,10.0,0.9,0.9,10,11.11111111111111,11.1111111111111,51.0,51
8,0.2095127125623048,0.003301177602816798,4,10.0,0.9,0.9,10,11.11111111111111,11.1111111111111,51.0,51
10,0.2140760227210493,0.013531305366947084,3,10.0,0.9,0.9,10,11.11111111111111,11.1111111111111,51.0,51
8,0.7220193740659784,0.2347011405150766,2,20.0,0.1,0.1,20,200.0,200,51.0,51
11,0.6136825396752972,0.15507454786444674,5,20.0,0.1,0.1,20,200.0,200,51.0,51
16,0.6230448366954559,0.09667790267509759,30,20.0,0.1,0.1,20,200.0,200,51.0,51
17,0.6167061004526189,0.19028982561651728,4,20.0,0.1,0.1,20,200.0,200,51.0,51
19,0.6471349258994229,0.16143075735038273,4,20.0,0.1,0.1,20,200.0,200,51.0,51
20,0.6222526469470793,0.1787474514848642,4,20.0,0.1,0.1,20,200.0,200,51.0,51
7,0.6722220068220165,0.15590691970719223,2,20.0,0.2,0.2,20,100.0,100,51.0,51
12,0.6418788751082869,0.060498465715167836,39,20.0,0.2,0.2,20,100.0,100,51.0,51
16,0.6207755780731123,0.11328972998141255,4,20.0,0.2,0.2,20,100.0,100,51.0,51
19,0.6278991871779525,0.13108157834466452,3,20.0,0.2,0.2,20,100.0,100,51.0,51
2,0.5337254367474127,0.057371322020113386,12,20.0,0.3,0.3,20,66.66666666666667,66.6666666666667,51.0,51
4,0.5432815416348751,0.0827596356515793,5,20.0,0.3,0.3,20,66.66666666666667,66.6666666666667,51.0,51
7,0.5219095932362624,0.07083488201312614,9,20.0,0.3,0.3,20,66.66666666666667,66.6666666666667,51.0,51
12,0.5465406748620902,0.06089565271680757,11,20.0,0.3,0.3,20,66.66666666666667,66.6666666666667,51.0,51
13,0.49745369782614135,0.011627704913784983,3,20.0,0.3,0.3,20,66.66666666666667,66.6666666666667,51.0,51
18,0.5353892545310248,0.07862393180889363,8,20.0,0.3,0.3,20,66.66666666666667,66.6666666666667,51.0,51
2,0.5401162549147724,0.07526429359222442,6,20.0,0.4,0.4,20,50.0,50,51.0,51
4,0.537566660015539,0.05273008407125407,9,20.0,0.4,0.4,20,50.0,50,51.0,51
5,0.5202737305034527,0.04466216895130769,8,20.0,0.4,0.4,20,50.0,50,51.0,51
8,0.524658783787587,0.031124143820950016,12,20.0,0.4,0.4,20,50.0,50,51.0,51
15,0.5073434653906617,0.06200172112790319,3,20.0,0.4,0.4,20,50.0,50,51.0,51
16,0.51982609980827,0.03973054298960875,9,20.0,0.4,0.4,20,50.0,50,51.0,51
2,0.5533281470566147,0.011581359969784578,2,20.0,0.5,0.5,20,40.0,40,51.0,51
3,0.5604067460291429,0.11727590444235363,2,20.0,0.5,0.5,20,40.0,40,51.0,51
8,0.553909047807705,0.05292558021784041,18,20.0,0.5,0.5,20,40.0,40,51.0,51
12,0.5574850587263777,0.04871686379140748,27,20.0,0.5,0.5,20,40.0,40,51.0,51
4,0.48422452124351795,0.022058336127238617,6,20.0,0.6,0.6,20,33.333333333333336,33.3333333333333,51.0,51
9,0.46517272079641653,0.022994342398003038,3,20.0,0.6,0.6,20,33.333333333333336,33.3333333333333,51.0,51
10,0.4898434920568753,0.018002340796600406,5,20.0,0.6,0.6,20,33.333333333333336,33.3333333333333,51.0,51
11,0.4755036630020656,0.05963785214896806,2,20.0,0.6,0.6,20,33.333333333333336,33.3333333333333,51.0,51
13,0.4828847431835219,0.02256300067636206,5,20.0,0.6,0.6,20,33.333333333333336,33.3333333333333,51.0,51
19,0.506249431412068,0.03685735636324946,29,20.0,0.6,0.6,20,33.333333333333336,33.3333333333333,51.0,51
1,0.4604691876738466,0.009606352629721843,2,20.0,0.7,0.7,20,28.571428571428573,28.5714285714286,51.0,51
3,0.4632798773031249,0.03624780259668436,3,20.0,0.7,0.7,20,28.571428571428573,28.5714285714286,51.0,51
4,0.4769219219207369,0.010163634305169384,4,20.0,0.7,0.7,20,28.571428571428573,28.5714285714286,51.0,51
6,0.46659337171408244,0.016416997683610827,7,20.0,0.7,0.7,20,28.571428571428573,28.5714285714286,51.0,51
7,0.48205060275534684,0.023420320083634327,15,20.0,0.7,0.7,20,28.571428571428573,28.5714285714286,51.0,51
9,0.4740154903050248,0.02739017974676327,13,20.0,0.7,0.7,20,28.571428571428573,28.5714285714286,51.0,51
11,0.46749424248735527,0.02314146725203893,4,20.0,0.7,0.7,20,28.571428571428573,28.5714285714286,51.0,51
14,0.43272812372756253,0.020310685378085742,2,20.0,0.7,0.7,20,28.571428571428573,28.5714285714286,51.0,51
3,0.4486293822949165,0.019571857864041378,9,20.0,0.8,0.8,20,25.0,25,51.0,51
5,0.44425037225514846,0.007967035548902828,5,20.0,0.8,0.8,20,25.0,25,51.0,51
10,0.4635929134251262,0.03711076928229883,4,20.0,0.8,0.8,20,25.0,25,51.0,51
16,0.45299818290693167,0.02951159006544426,14,20.0,0.8,0.8,20,25.0,25,51.0,51
17,0.45398184729465496,0.03327334122609691,2,20.0,0.8,0.8,20,25.0,25,51.0,51
18,0.45740637412614693,0.020931248030525186,4,20.0,0.8,0.8,20,25.0,25,51.0,51
20,0.450335730869108,0.016704265767301937,10,20.0,0.8,0.8,20,25.0,25,51.0,51
1,0.42052776273936654,0.024069524759188977,5,20.0,0.9,0.9,20,22.22222222222222,22.2222222222222,51.0,51
4,0.42310565100633524,0.01934958016295255,4,20.0,0.9,0.9,20,22.22222222222222,22.2222222222222,51.0,51
6,0.44413603691823256,0.014328398742961363,2,20.0,0.9,0.9,20,22.22222222222222,22.2222222222222,51.0,51
7,0.4254753954388409,0.025716068173296608,3,20.0,0.9,0.9,20,22.22222222222222,22.2222222222222,51.0,51
8,0.4314334328158123,0.011080706392392281,6,20.0,0.9,0.9,20,22.22222222222222,22.2222222222222,51.0,51
11,0.42725700449591086,0.0398598530290039,2,20.0,0.9,0.9,20,22.22222222222222,22.2222222222222,51.0,51
12,0.42838961531426323,0.021006637857222166,6,20.0,0.9,0.9,20,22.22222222222222,22.2222222222222,51.0,51
13,0.42467493600476086,0.018312272468264463,4,20.0,0.9,0.9,20,22.22222222222222,22.2222222222222,51.0,51
14,0.409115229056802,0.010948822517597172,4,20.0,0.9,0.9,20,22.22222222222222,22.2222222222222,51.0,51
16,0.4409103225644587,0.04720515204674125,2,20.0,0.9,0.9,20,22.22222222222222,22.2222222222222,51.0,51
17,0.4168991938520197,0.017629802653484922,5,20.0,0.9,0.9,20,22.22222222222222,22.2222222222222,51.0,51
19,0.42253081114238583,0.013261146717173166,5,20.0,0.9,0.9,20,22.22222222222222,22.2222222222222,51.0,51
3,0.8310696248075404,0.08335284777557911,7,30.0,0.1,0.1,30,300.0,300,51.0,51
10,0.7954834054714544,0.04423928021009652,5,30.0,0.1,0.1,30,300.0,300,51.0,51
11,0.7235995155557082,0.007207639474409295,7,30.0,0.1,0.1,30,300.0,300,51.0,51
19,0.7891003837217311,0.11083092771897396,7,30.0,0.1,0.1,30,300.0,300,51.0,51
21,0.7951998299206479,0.06049948784339162,8,30.0,0.1,0.1,30,300.0,300,51.0,51
22,0.7864748677133397,0.05960053476726567,6,30.0,0.1,0.1,30,300.0,300,51.0,51
24,0.8154166666550268,0.02906828645687518,3,30.0,0.1,0.1,30,300.0,300,51.0,51
3,0.8288490830074657,0.030760273962140355,12,30.0,0.2,0.2,30,150.0,150,51.0,51
8,0.7917989417920586,0.06483615416320052,5,30.0,0.2,0.2,30,150.0,150,51.0,51
13,0.798677884609778,0.0762066202467237,2,30.0,0.2,0.2,30,150.0,150,51.0,51
17,0.7985833610761464,0.048586824929481645,11,30.0,0.2,0.2,30,150.0,150,51.0,51
28,0.751548669578447,0.05487879308544331,7,30.0,0.2,0.2,30,150.0,150,51.0,51
29,0.8049341531411056,0.06042655809650607,7,30.0,0.2,0.2,30,150.0,150,51.0,51
1,0.7940416065359958,0.055293921566351094,7,30.0,0.3,0.3,30,100.0,100,51.0,51
5,0.7776835845494676,0.05513353401110856,9,30.0,0.3,0.3,30,100.0,100,51.0,51
7,0.8038390313337928,0.04397995602768819,5,30.0,0.3,0.3,30,100.0,100,51.0,51
9,0.782894736838174,0.007906910692080545,3,30.0,0.3,0.3,30,100.0,100,51.0,51
11,0.780744575932909,0.0036610558142958207,2,30.0,0.3,0.3,30,100.0,100,51.0,51
16,0.804109250531851,0.023011572621076157,7,30.0,0.3,0.3,30,100.0,100,51.0,51
17,0.7586967906785457,0.05008846454883488,3,30.0,0.3,0.3,30,100.0,100,51.0,51
19,0.7873526126595622,0.056101495592800824,6,30.0,0.3,0.3,30,100.0,100,51.0,51
23,0.7858712121167091,0.04311060174392215,5,30.0,0.3,0.3,30,100.0,100,51.0,51
3,0.729827691480288,0.03375649266345284,6,30.0,0.4,0.4,30,75.0,75,51.0,51
5,0.7707468541998785,0.033000772290215453,10,30.0,0.4,0.4,30,75.0,75,51.0,51
8,0.7654765493039919,0.05446415480740953,16,30.0,0.4,0.4,30,75.0,75,51.0,51
9,0.7495206048190247,0.044180588330645525,6,30.0,0.4,0.4,30,75.0,75,51.0,51
18,0.6967105263123827,0.0400073573567647,2,30.0,0.4,0.4,30,75.0,75,51.0,51
27,0.7442093870993568,0.038101360482170894,5,30.0,0.4,0.4,30,75.0,75,51.0,51
30,0.7171026398492346,0.04221116976584561,5,30.0,0.4,0.4,30,75.0,75,51.0,51
2,0.6986391759675121,0.023908193671791776,9,30.0,0.5,0.5,30,60.0,60,51.0,51
7,0.6988650261658361,0.017686112592587646,8,30.0,0.5,0.5,30,60.0,60,51.0,51
12,0.6965814176215178,0.03402456810644032,5,30.0,0.5,0.5,30,60.0,60,51.0,51
16,0.7070654694546517,0.03783731775805794,6,30.0,0.5,0.5,30,60.0,60,51.0,51
21,0.7170284489242601,0.04239809415583895,7,30.0,0.5,0.5,30,60.0,60,51.0,51
22,0.7099801587270133,0.03828617103517637,5,30.0,0.5,0.5,30,60.0,60,51.0,51
24,0.7071071538763918,0.03660562288850538,7,30.0,0.5,0.5,30,60.0,60,51.0,51
30,0.6697758528292943,0.012968044530487248,2,30.0,0.5,0.5,30,60.0,60,51.0,51
6,0.661268009765683,0.036293262901305856,5,30.0,0.6,0.6,30,50.0,50,51.0,51
10,0.6887647967163687,0.04765203002496706,12,30.0,0.6,0.6,30,50.0,50,51.0,51
12,0.6714548761397098,0.017811020373642704,4,30.0,0.6,0.6,30,50.0,50,51.0,51
19,0.6711457586587313,0.01652827937234303,5,30.0,0.6,0.6,30,50.0,50,51.0,51
21,0.6597380254128898,0.025942030883742608,5,30.0,0.6,0.6,30,50.0,50,51.0,51
27,0.6663770585770937,0.035016220420120196,12,30.0,0.6,0.6,30,50.0,50,51.0,51
30,0.6809839583770729,0.03514319651318324,7,30.0,0.6,0.6,30,50.0,50,51.0,51
1,0.630537104782751,0.041181523069693526,14,30.0,0.7,0.7,30,42.85714285714286,42.8571428571429,51.0,51
6,0.6373214223411767,0.03999267582490401,12,30.0,0.7,0.7,30,42.85714285714286,42.8571428571429,51.0,51
12,0.6048333333308619,0.028519973507669633,2,30.0,0.7,0.7,30,42.85714285714286,42.8571428571429,51.0,51
13,0.5818871902188725,0.03160630622989507,3,30.0,0.7,0.7,30,42.85714285714286,42.8571428571429,51.0,51
14,0.6185853903682769,0.03969103883176641,9,30.0,0.7,0.7,30,42.85714285714286,42.8571428571429,51.0,51
18,0.6274075174378424,0.02984928811433044,3,30.0,0.7,0.7,30,42.85714285714286,42.8571428571429,51.0,51
20,0.6112000547322962,0.028921201288546125,2,30.0,0.7,0.7,30,42.85714285714286,42.8571428571429,51.0,51
1,0.6228448031165557,0.0177382765214311,10,30.0,0.8,0.8,30,37.5,37.5,51.0,51
3,0.6211884920603746,0.02561411287213783,3,30.0,0.8,0.8,30,37.5,37.5,51.0,51
4,0.5821372548999337,0.01771926404570685,2,30.0,0.8,0.8,30,37.5,37.5,51.0,51
7,0.5752525252507821,0.03928371006580047,2,30.0,0.8,0.8,30,37.5,37.5,51.0,51
8,0.6177904040381955,0.022344375585372646,4,30.0,0.8,0.8,30,37.5,37.5,51.0,51
13,0.6060702972688452,0.025617762368661624,4,30.0,0.8,0.8,30,37.5,37.5,51.0,51
21,0.6087145015853637,0.02548576022465694,9,30.0,0.8,0.8,30,37.5,37.5,51.0,51
23,0.5799897119321006,0.017213766601422906,3,30.0,0.8,0.8,30,37.5,37.5,51.0,51
27,0.5913809523789324,0.018923524335024353,2,30.0,0.8,0.8,30,37.5,37.5,51.0,51
1,0.5732578397198729,0.004147374268297021,2,30.0,0.9,0.9,30,33.333333333333336,33.3333333333333,51.0,51
5,0.5859584145534135,0.010695082964830486,3,30.0,0.9,0.9,30,33.333333333333336,33.3333333333333,51.0,51
6,0.5916954909870434,0.032473857393892004,3,30.0,0.9,0.9,30,33.333333333333336,33.3333333333333,51.0,51
8,0.6020566239292129,0.009783154718436831,2,30.0,0.9,0.9,30,33.333333333333336,33.3333333333333,51.0,51
9,0.5780360531291511,0.036607647084202714,2,30.0,0.9,0.9,30,33.333333333333336,33.3333333333333,51.0,51
10,0.5776688453139888,0.02342369322274489,3,30.0,0.9,0.9,30,33.333333333333336,33.3333333333333,51.0,51
13,0.5749703651004103,0.008641857413453538,2,30.0,0.9,0.9,30,33.333333333333336,33.3333333333333,51.0,51
15,0.5893030261545695,0.021225248478587994,6,30.0,0.9,0.9,30,33.333333333333336,33.3333333333333,51.0,51
16,0.5690273477796366,0.04008033019265594,2,30.0,0.9,0.9,30,33.333333333333336,33.3333333333333,51.0,51
18,0.5602997967465837,0.0013437903260078892,2,30.0,0.9,0.9,30,33.333333333333336,33.3333333333333,51.0,51
20,0.5540832290348919,0.003001590112356659,2,30.0,0.9,0.9,30,33.333333333333336,33.3333333333333,51.0,51
24,0.5941532249410015,0.05251251362683212,4,30.0,0.9,0.9,30,33.333333333333336,33.3333333333333,51.0,51
25,0.575209942958139,0.017120263129929307,5,30.0,0.9,0.9,30,33.333333333333336,33.3333333333333,51.0,51
26,0.5782828282811708,0.026437308909061416,3,30.0,0.9,0.9,30,33.333333333333336,33.3333333333333,51.0,51
28,0.6093799682017733,0.0546724321010239,2,30.0,0.9,0.9,30,33.333333333333336,33.3333333333333,51.0,51
29,0.5827870934943258,0.050787369675303035,2,30.0,0.9,0.9,30,33.333333333333336,33.3333333333333,51.0,51
1,0.9692547723434872,0.043480317788667365,2,40.0,0.1,0.1,40,400.0,400,51.0,51
9,0.8624338624172503,0.0720140613203734,3,40.0,0.1,0.1,40,400.0,400,51.0,51
15,0.8562169312007415,0.06046116734088997,5,40.0,0.1,0.1,40,400.0,400,51.0,51
16,0.8987301587083266,0.06647885486201005,5,40.0,0.1,0.1,40,400.0,400,51.0,51
22,0.8611462283972016,0.10667687639420335,2,40.0,0.1,0.1,40,400.0,400,51.0,51
26,0.841003787866306,0.1128509791269803,4,40.0,0.1,0.1,40,400.0,400,51.0,51
32,0.8111111110991759,0.16694421333670775,3,40.0,0.1,0.1,40,400.0,400,51.0,51
34,0.8411721380372768,0.024423696583264088,4,40.0,0.1,0.1,40,400.0,400,51.0,51
38,0.9011363636044185,0.09119116589124705,6,40.0,0.1,0.1,40,400.0,400,51.0,51
40,0.8684284116264596,0.10855750081222341,2,40.0,0.1,0.1,40,400.0,400,51.0,51
4,0.897619047607668,0.04437419156890365,5,40.0,0.2,0.2,40,200.0,200,51.0,51
11,0.8626112313529269,0.04978281836395456,6,40.0,0.2,0.2,40,200.0,200,51.0,51
13,0.9267676767582976,0.024998724585826748,2,40.0,0.2,0.2,40,200.0,200,51.0,51
15,0.8886153846061569,0.08429160620889264,5,40.0,0.2,0.2,40,200.0,200,51.0,51
16,0.8816287878710967,0.03883730426890504,2,40.0,0.2,0.2,40,200.0,200,51.0,51
23,0.8440235690158011,0.09570884747176708,3,40.0,0.2,0.2,40,200.0,200,51.0,51
25,0.8897069596960134,0.029185141155125147,5,40.0,0.2,0.2,40,200.0,200,51.0,51
29,0.8928571428475766,4.5096195598315384e-12,2,40.0,0.2,0.2,40,200.0,200,51.0,51
33,0.8822592338119964,0.030954133848425592,6,40.0,0.2,0.2,40,200.0,200,51.0,51
34,0.8611111111032901,0.027777777776044676,3,40.0,0.2,0.2,40,200.0,200,51.0,51
37,0.8991898148095002,0.027662279170813254,2,40.0,0.2,0.2,40,200.0,200,51.0,51
39,0.8905092592504558,0.028572729858444116,4,40.0,0.2,0.2,40,200.0,200,51.0,51
3,0.8418348318273283,0.054800373342489016,5,40.0,0.3,0.3,40,133.33333333333334,133.333333333333,51.0,51
13,0.8531686091613607,0.0606087435399594,5,40.0,0.3,0.3,40,133.33333333333334,133.333333333333,51.0,51
14,0.8259135251256378,0.007858729505836834,4,40.0,0.3,0.3,40,133.33333333333334,133.333333333333,51.0,51
18,0.885021786484707,0.019374519553108916,6,40.0,0.3,0.3,40,133.33333333333334,133.333333333333,51.0,51
23,0.8816287878707527,0.09298900376600873,4,40.0,0.3,0.3,40,133.33333333333334,133.333333333333,51.0,51
28,0.8393493761064745,0.041296842178774176,3,40.0,0.3,0.3,40,133.33333333333334,133.333333333333,51.0,51
33,0.8541666666579928,0.02946278254623835,2,40.0,0.3,0.3,40,133.33333333333334,133.333333333333,51.0,51
35,0.8944483348819442,0.038560707921077346,6,40.0,0.3,0.3,40,133.33333333333334,133.333333333333,51.0,51
39,0.9055555555450523,0.05877572234714511,8,40.0,0.3,0.3,40,133.33333333333334,133.333333333333,51.0,51
4,0.8517565359411075,0.039463490615859645,4,40.0,0.4,0.4,40,100.0,100,51.0,51
7,0.8401315789393397,0.043613894824004615,3,40.0,0.4,0.4,40,100.0,100,51.0,51
8,0.8291028911501449,0.0420889753280289,7,40.0,0.4,0.4,40,100.0,100,51.0,51
12,0.8234018758949341,0.02443847930355938,5,40.0,0.4,0.4,40,100.0,100,51.0,51
15,0.8461204083846966,0.049222761665678356,8,40.0,0.4,0.4,40,100.0,100,51.0,51
18,0.8140318627401544,0.04202779275388103,2,40.0,0.4,0.4,40,100.0,100,51.0,51
26,0.8431160342863245,0.04358749858475109,3,40.0,0.4,0.4,40,100.0,100,51.0,51
29,0.8365234166646144,0.047236533424719805,4,40.0,0.4,0.4,40,100.0,100,51.0,51
35,0.8391830065293856,0.025564128136541037,5,40.0,0.4,0.4,40,100.0,100,51.0,51
38,0.791435287561119,0.01170871629169334,3,40.0,0.4,0.4,40,100.0,100,51.0,51
40,0.832890720385135,0.03202021504366585,5,40.0,0.4,0.4,40,100.0,100,51.0,51
12,0.7922059422002606,0.01879314187723679,3,40.0,0.5,0.5,40,80.0,80,51.0,51
13,0.7962280939535743,0.022871913590704587,7,40.0,0.5,0.5,40,80.0,80,51.0,51
18,0.7648148148101337,0.018332398030049508,2,40.0,0.5,0.5,40,80.0,80,51.0,51
20,0.7660024154551454,0.0029889779404374847,2,40.0,0.5,0.5,40,80.0,80,51.0,51
25,0.7759259259194536,0.02625453125647689,3,40.0,0.5,0.5,40,80.0,80,51.0,51
30,0.8091806722640962,0.043310714311333945,5,40.0,0.5,0.5,40,80.0,80,51.0,51
32,0.7977614977565091,0.0342186182165201,3,40.0,0.5,0.5,40,80.0,80,51.0,51
33,0.8075860948611541,0.0254677231105633,3,40.0,0.5,0.5,40,80.0,80,51.0,51
34,0.8135265700438234,0.0322913525934918,3,40.0,0.5,0.5,40,80.0,80,51.0,51
37,0.8097126715811596,0.028799498359320132,6,40.0,0.5,0.5,40,80.0,80,51.0,51
39,0.8201641045763258,0.040185289525464865,11,40.0,0.5,0.5,40,80.0,80,51.0,51
2,0.741243734331604,0.03198407142582282,5,40.0,0.6,0.6,40,66.66666666666667,66.6666666666667,51.0,51
4,0.7414120702122936,0.02222621230752718,4,40.0,0.6,0.6,40,66.66666666666667,66.6666666666667,51.0,51
11,0.779246794866379,0.03229574241053202,2,40.0,0.6,0.6,40,66.66666666666667,66.6666666666667,51.0,51
13,0.8174064009627036,0.0020282350304639055,2,40.0,0.6,0.6,40,66.66666666666667,66.6666666666667,51.0,51
15,0.7740789473643499,0.034924882042148976,4,40.0,0.6,0.6,40,66.66666666666667,66.6666666666667,51.0,51
21,0.7493799603133375,0.0064888271098555396,2,40.0,0.6,0.6,40,66.66666666666667,66.6666666666667,51.0,51
29,0.7658529078257107,0.046639423855671006,7,40.0,0.6,0.6,40,66.66666666666667,66.6666666666667,51.0,51
30,0.7617231600890393,0.037097587748945275,7,40.0,0.6,0.6,40,66.66666666666667,66.6666666666667,51.0,51
31,0.7373405103632023,0.030308604057512907,2,40.0,0.6,0.6,40,66.66666666666667,66.6666666666667,51.0,51
33,0.7820422360817211,0.06482179045414334,6,40.0,0.6,0.6,40,66.66666666666667,66.6666666666667,51.0,51
35,0.7828279938937079,0.03314631280913537,4,40.0,0.6,0.6,40,66.66666666666667,66.6666666666667,51.0,51
1,0.7559336419710364,0.049296059914662266,6,40.0,0.7,0.7,40,57.142857142857146,57.1428571428571,51.0,51
2,0.7542343513071917,0.008105657922532511,3,40.0,0.7,0.7,40,57.142857142857146,57.1428571428571,51.0,51
3,0.7430367241561039,0.016500123060117028,5,40.0,0.7,0.7,40,57.142857142857146,57.1428571428571,51.0,51
4,0.7417881825740932,0.019810198815259358,5,40.0,0.7,0.7,40,57.142857142857146,57.1428571428571,51.0,51
8,0.7460252313335042,0.03829772925878642,6,40.0,0.7,0.7,40,57.142857142857146,57.1428571428571,51.0,51
16,0.7388304093534485,0.02106822034873494,3,40.0,0.7,0.7,40,57.142857142857146,57.1428571428571,51.0,51
22,0.7420235938544838,0.01982054300872072,4,40.0,0.7,0.7,40,57.142857142857146,57.1428571428571,51.0,51
28,0.724987899229288,0.052265496611317415,5,40.0,0.7,0.7,40,57.142857142857146,57.1428571428571,51.0,51
31,0.7494949494901171,0.004642620278480375,2,40.0,0.7,0.7,40,57.142857142857146,57.1428571428571,51.0,51
36,0.6870454545425153,0.019391867786737717,2,40.0,0.7,0.7,40,57.142857142857146,57.1428571428571,51.0,51
37,0.7112433862397507,0.021466505713409544,3,40.0,0.7,0.7,40,57.142857142857146,57.1428571428571,51.0,51
3,0.6925964912257745,0.0017863750268198126,2,40.0,0.8,0.8,40,50.0,50,51.0,51
6,0.7299739340136876,0.05750933550957547,4,40.0,0.8,0.8,40,50.0,50,51.0,51
13,0.7196024032690543,0.029569946715572185,3,40.0,0.8,0.8,40,50.0,50,51.0,51
14,0.7022144522115022,0.01401027421890789,2,40.0,0.8,0.8,40,50.0,50,51.0,51
15,0.6991695601827108,0.02049514686819016,4,40.0,0.8,0.8,40,50.0,50,51.0,51
16,0.7249853661095284,0.034814064032755956,3,40.0,0.8,0.8,40,50.0,50,51.0,51
20,0.7157534913970167,0.03655289879050602,6,40.0,0.8,0.8,40,50.0,50,51.0,51
22,0.6913287065732113,0.033569984138609024,4,40.0,0.8,0.8,40,50.0,50,51.0,51
24,0.7394793344038715,0.09686186288644821,2,40.0,0.8,0.8,40,50.0,50,51.0,51
28,0.7225637181382173,0.03845176156406031,3,40.0,0.8,0.8,40,50.0,50,51.0,51
29,0.7253134796209326,0.018656683621136327,2,40.0,0.8,0.8,40,50.0,50,51.0,51
30,0.7160153256675424,0.029706881171630235,3,40.0,0.8,0.8,40,50.0,50,51.0,51
34,0.6939244663353974,0.028795152993369183,2,40.0,0.8,0.8,40,50.0,50,51.0,51
37,0.7083805083775454,0.0410966234437184,6,40.0,0.8,0.8,40,50.0,50,51.0,51
11,0.7044633642901632,0.03958776354808263,2,40.0,0.9,0.9,40,44.44444444444444,44.4444444444444,51.0,51
12,0.7266750208826931,0.05416025796319683,3,40.0,0.9,0.9,40,44.44444444444444,44.4444444444444,51.0,51
15,0.7049673202583371,0.05432029250060553,4,40.0,0.9,0.9,40,44.44444444444444,44.4444444444444,51.0,51
18,0.6951038903599793,0.02480500578576052,2,40.0,0.9,0.9,40,44.44444444444444,44.4444444444444,51.0,51
22,0.6861111111083091,0.003928371006495042,2,40.0,0.9,0.9,40,44.44444444444444,44.4444444444444,51.0,51
27,0.7127314814783399,0.013291552982334264,3,40.0,0.9,0.9,40,44.44444444444444,44.4444444444444,51.0,51
28,0.6802469135772845,0.004364856673348572,2,40.0,0.9,0.9,40,44.44444444444444,44.4444444444444,51.0,51
29,0.7012372134012484,0.03049282783828809,3,40.0,0.9,0.9,40,44.44444444444444,44.4444444444444,51.0,51
31,0.6899272486745676,0.017751401603482948,5,40.0,0.9,0.9,40,44.44444444444444,44.4444444444444,51.0,51
32,0.6727777777753186,0.032212642254252855,2,40.0,0.9,0.9,40,44.44444444444444,44.4444444444444,51.0,51
35,0.6716859716833135,0.021486755332067703,3,40.0,0.9,0.9,40,44.44444444444444,44.4444444444444,51.0,51
36,0.6838888888858887,0.014927809824615498,2,40.0,0.9,0.9,40,44.44444444444444,44.4444444444444,51.0,51
39,0.6544526143767575,0.003523979872980796,2,40.0,0.9,0.9,40,44.44444444444444,44.4444444444444,51.0,51
1,0.949999999941,0.07071067806067201,2,50.0,0.1,0.1,50,500.0,500,51.0,51
2,0.9374999999390625,0.08838834759307568,2,50.0,0.1,0.1,50,500.0,500,51.0,51
4,0.9374999999640625,0.08838834762843102,2,50.0,0.1,0.1,50,500.0,500,51.0,51
5,0.921296296285423,0.00654728501181394,2,50.0,0.1,0.1,50,500.0,500,51.0,51
9,0.9642857142314626,0.06185895737723707,3,50.0,0.1,0.1,50,500.0,500,51.0,51
13,0.9249999999824722,0.06614378277418949,3,50.0,0.1,0.1,50,500.0,500,51.0,51
15,0.9386904761517866,0.07424029438612123,4,50.0,0.1,0.1,50,500.0,500,51.0,51
22,0.9259259259126749,0.06415002990411366,3,50.0,0.1,0.1,50,500.0,500,51.0,51
36,0.9083333333192407,0.011785113025301691,2,50.0,0.1,0.1,50,500.0,500,51.0,51
38,0.9652777777614004,0.06014065303286799,3,50.0,0.1,0.1,50,500.0,500,51.0,51
41,0.8708333333151737,0.005892556504633718,2,50.0,0.1,0.1,50,500.0,500,51.0,51
48,0.9245683183092648,0.03474484898311736,2,50.0,0.1,0.1,50,500.0,500,51.0,51
1,0.9212962962835133,0.006547285014514736,2,50.0,0.2,0.2,50,250.0,250,51.0,51
5,0.9687499999869977,0.04419417382234411,2,50.0,0.2,0.2,50,250.0,250,51.0,51
8,0.8796296296198559,0.0654728501091379,2,50.0,0.2,0.2,50,250.0,250,51.0,51
11,0.9329805996312877,0.0649271962327747,3,50.0,0.2,0.2,50,250.0,250,51.0,51
16,0.8652777777639884,0.013749298511637038,2,50.0,0.2,0.2,50,250.0,250,51.0,51
18,0.9469696969531336,0.07499617375027846,2,50.0,0.2,0.2,50,250.0,250,51.0,51
21,0.896464646454182,0.028681355279113138,3,50.0,0.2,0.2,50,250.0,250,51.0,51
24,0.9246031745914651,0.028059792905947227,3,50.0,0.2,0.2,50,250.0,250,51.0,51
28,0.9675925925693416,0.06481481480576129,4,50.0,0.2,0.2,50,250.0,250,51.0,51
31,0.9267676767512589,0.06055342832875005,5,50.0,0.2,0.2,50,250.0,250,51.0,51
37,0.9137642450015201,0.051366924719585774,8,50.0,0.2,0.2,50,250.0,250,51.0,51
40,0.9035714285605561,0.06565991539783465,2,50.0,0.2,0.2,50,250.0,250,51.0,51
45,0.9388888888666852,0.05357583755176246,3,50.0,0.2,0.2,50,250.0,250,51.0,51
3,0.878367003358139,0.011308946838299111,2,50.0,0.3,0.3,50,166.66666666666669,166.666666666667,51.0,51
5,0.8936475804791576,0.026015456488161032,4,50.0,0.3,0.3,50,166.66666666666669,166.666666666667,51.0,51
6,0.9001068375956691,0.047871713037548044,3,50.0,0.3,0.3,50,166.66666666666669,166.666666666667,51.0,51
8,0.8651515151430247,0.027272727272785537,4,50.0,0.3,0.3,50,166.66666666666669,166.666666666667,51.0,51
12,0.9108455882225164,0.07333426581756292,4,50.0,0.3,0.3,50,166.66666666666669,166.666666666667,51.0,51
13,0.9551282050997041,0.06345830084531168,2,50.0,0.3,0.3,50,166.66666666666669,166.666666666667,51.0,51
19,0.9173931623814795,0.02211272641949128,5,50.0,0.3,0.3,50,166.66666666666669,166.666666666667,51.0,51
24,0.9166666666573302,0.027777777777469148,3,50.0,0.3,0.3,50,166.66666666666669,166.666666666667,51.0,51
28,0.8737620404190054,0.029450869301290435,3,50.0,0.3,0.3,50,166.66666666666669,166.666666666667,51.0,51
30,0.9010416666574415,0.021474508463734866,5,50.0,0.3,0.3,50,166.66666666666669,166.666666666667,51.0,51
37,0.9211111111014492,0.06834010806121307,3,50.0,0.3,0.3,50,166.66666666666669,166.666666666667,51.0,51
38,0.8960317460255627,0.021325442607367837,2,50.0,0.3,0.3,50,166.66666666666669,166.666666666667,51.0,51
46,0.9629629629359876,0.06415002989172915,3,50.0,0.3,0.3,50,166.66666666666669,166.666666666667,51.0,51
1,0.8601190476115663,0.021044844673283207,2,50.0,0.4,0.4,50,125.0,125,51.0,51
3,0.8755816405718815,0.036539203841964664,6,50.0,0.4,0.4,50,125.0,125,51.0,51
4,0.9049783549689712,0.0656989698577311,5,50.0,0.4,0.4,50,125.0,125,51.0,51
17,0.8871082620999504,0.023670953503181116,2,50.0,0.4,0.4,50,125.0,125,51.0,51
18,0.9043209876438486,0.029764354200000852,3,50.0,0.4,0.4,50,125.0,125,51.0,51
23,0.8348484848361681,0.04499770425023134,2,50.0,0.4,0.4,50,125.0,125,51.0,51
27,0.8551587301521175,0.011223917162324253,2,50.0,0.4,0.4,50,125.0,125,51.0,51
37,0.8697667464047256,0.03464824910473527,4,50.0,0.4,0.4,50,125.0,125,51.0,51
39,0.892094017085272,0.033372598600906384,3,50.0,0.4,0.4,50,125.0,125,51.0,51
43,0.8834343434266371,0.03811985579419825,5,50.0,0.4,0.4,50,125.0,125,51.0,51
44,0.880853174596436,0.04642655757979319,5,50.0,0.4,0.4,50,125.0,125,51.0,51
46,0.8735191993399547,0.04748159528398575,4,50.0,0.4,0.4,50,125.0,125,51.0,51
47,0.9132959850515967,0.028040433705691835,5,50.0,0.4,0.4,50,125.0,125,51.0,51
2,0.8445566778827761,0.009864419660369286,3,50.0,0.5,0.5,50,100.0,100,51.0,51
5,0.8353828197889951,0.02131595096040262,5,50.0,0.5,0.5,50,100.0,100,51.0,51
7,0.8689874939807528,0.05034523088046802,6,50.0,0.5,0.5,50,100.0,100,51.0,51
8,0.8764204545386856,0.04620299990496069,2,50.0,0.5,0.5,50,100.0,100,51.0,51
11,0.8515624999940661,0.02147450846613763,3,50.0,0.5,0.5,50,100.0,100,51.0,51
14,0.8839285714199139,0.012626906810127009,2,50.0,0.5,0.5,50,100.0,100,51.0,51
20,0.8434329287221667,0.02112016817455231,3,50.0,0.5,0.5,50,100.0,100,51.0,51
23,0.8416666666603612,0.01178511302067926,2,50.0,0.5,0.5,50,100.0,100,51.0,51
25,0.8652777777712801,0.013749298521948936,2,50.0,0.5,0.5,50,100.0,100,51.0,51
30,0.874999999992725,0.01767766953054759,5,50.0,0.5,0.5,50,100.0,100,51.0,51
42,0.8611111111048032,0.039283710064364305,3,50.0,0.5,0.5,50,100.0,100,51.0,51
45,0.893830128198876,0.041361213962436416,2,50.0,0.5,0.5,50,100.0,100,51.0,51
46,0.86951121794232,0.04244133416604094,8,50.0,0.5,0.5,50,100.0,100,51.0,51
4,0.852052005006572,0.05589850007576169,5,50.0,0.6,0.6,50,83.33333333333334,83.3333333333333,51.0,51
12,0.8318123490288517,0.039187873495657846,4,50.0,0.6,0.6,50,83.33333333333334,83.3333333333333,51.0,51
20,0.8287443102190717,0.04155106083201859,4,50.0,0.6,0.6,50,83.33333333333334,83.3333333333333,51.0,51
26,0.832137161078526,0.023119121232548716,2,50.0,0.6,0.6,50,83.33333333333334,83.3333333333333,51.0,51
27,0.849462415953703,0.059173986961375755,7,50.0,0.6,0.6,50,83.33333333333334,83.3333333333333,51.0,51
28,0.8426650104223654,0.05542880378439814,5,50.0,0.6,0.6,50,83.33333333333334,83.3333333333333,51.0,51
30,0.8291666666611319,0.005892556507894328,2,50.0,0.6,0.6,50,83.33333333333334,83.3333333333333,51.0,51
32,0.8114583333280949,0.016204530402326056,2,50.0,0.6,0.6,50,83.33333333333334,83.3333333333333,51.0,51
33,0.8345238095179226,0.05438969434520882,4,50.0,0.6,0.6,50,83.33333333333334,83.3333333333333,51.0,51
36,0.834259966607066,0.0609224064858044,4,50.0,0.6,0.6,50,83.33333333333334,83.3333333333333,51.0,51
47,0.8451587301530765,0.03619212958984264,5,50.0,0.6,0.6,50,83.33333333333334,83.3333333333333,51.0,51
2,0.8156207827207254,0.043180272398712374,2,50.0,0.7,0.7,50,71.42857142857143,71.4285714285714,51.0,51
6,0.8714646464575915,0.06976418585621506,3,50.0,0.7,0.7,50,71.42857142857143,71.4285714285714,51.0,51
7,0.8112204176494713,0.04373211062556646,8,50.0,0.7,0.7,50,71.42857142857143,71.4285714285714,51.0,51
9,0.7875118708400939,0.03704616733107049,3,50.0,0.7,0.7,50,71.42857142857143,71.4285714285714,51.0,51
17,0.8185312314560115,0.016803294261199538,6,50.0,0.7,0.7,50,71.42857142857143,71.4285714285714,51.0,51
18,0.7724206349166554,0.023289628108699532,2,50.0,0.7,0.7,50,71.42857142857143,71.4285714285714,51.0,51
23,0.8059671236868274,0.03702010014197239,4,50.0,0.7,0.7,50,71.42857142857143,71.4285714285714,51.0,51
26,0.8341049382646673,0.057834350924724574,2,50.0,0.7,0.7,50,71.42857142857143,71.4285714285714,51.0,51
29,0.7988681688634284,0.024211692756682213,5,50.0,0.7,0.7,50,71.42857142857143,71.4285714285714,51.0,51
30,0.8027777777733219,0.037371177908858584,3,50.0,0.7,0.7,50,71.42857142857143,71.4285714285714,51.0,51
32,0.808681927969877,0.054002766497200386,4,50.0,0.7,0.7,50,71.42857142857143,71.4285714285714,51.0,51
48,0.7666666666623384,0.03535533905845083,2,50.0,0.7,0.7,50,71.42857142857143,71.4285714285714,51.0,51
11,0.7976124870195669,0.024241856734489323,7,50.0,0.8,0.8,50,62.5,62.5,51.0,51
15,0.7875242041875364,0.04272753356104199,4,50.0,0.8,0.8,50,62.5,62.5,51.0,51
16,0.8129807692255306,0.08317570150288066,2,50.0,0.8,0.8,50,62.5,62.5,51.0,51
21,0.7854349951093409,0.046311001308470066,2,50.0,0.8,0.8,50,62.5,62.5,51.0,51
23,0.8322368421009871,0.05737489233266977,2,50.0,0.8,0.8,50,62.5,62.5,51.0,51
25,0.7799242424205193,0.004821182598725375,2,50.0,0.8,0.8,50,62.5,62.5,51.0,51
29,0.8130979809193186,0.06454199915496044,5,50.0,0.8,0.8,50,62.5,62.5,51.0,51
31,0.7797123015826638,0.017927825279501857,4,50.0,0.8,0.8,50,62.5,62.5,51.0,51
35,0.7882361111078918,0.009762001951248326,2,50.0,0.8,0.8,50,62.5,62.5,51.0,51
39,0.8405797101412729,0.015371886547466825,2,50.0,0.8,0.8,50,62.5,62.5,51.0,51
40,0.8136507936472199,0.033447273141255,2,50.0,0.8,0.8,50,62.5,62.5,51.0,51
42,0.7664505414954946,0.022082190723493194,5,50.0,0.8,0.8,50,62.5,62.5,51.0,51
45,0.7744855967036898,0.05203280203741922,3,50.0,0.8,0.8,50,62.5,62.5,51.0,51
50,0.7872222222184684,0.013356461423214692,2,50.0,0.8,0.8,50,62.5,62.5,51.0,51
1,0.7682805234855548,0.027928419869695017,4,50.0,0.9,0.9,50,55.55555555555556,55.5555555555556,51.0,51
6,0.8190909090874094,0.0012856486933768656,2,50.0,0.9,0.9,50,55.55555555555556,55.5555555555556,51.0,51
8,0.7769047619013594,0.004377327693459012,2,50.0,0.9,0.9,50,55.55555555555556,55.5555555555556,51.0,51
14,0.7972222222177932,0.014404027024090339,2,50.0,0.9,0.9,50,55.55555555555556,55.5555555555556,51.0,51
15,0.7730392156817271,0.025649951866420023,2,50.0,0.9,0.9,50,55.55555555555556,55.5555555555556,51.0,51
17,0.7634920634885376,0.059486760955620804,2,50.0,0.9,0.9,50,55.55555555555556,55.5555555555556,51.0,51
19,0.7935130718908368,0.030005784254934168,4,50.0,0.9,0.9,50,55.55555555555556,55.5555555555556,51.0,51
24,0.7815772462787842,0.04521433609485424,5,50.0,0.9,0.9,50,55.55555555555556,55.5555555555556,51.0,51
25,0.7631528964833305,0.008114762523343326,3,50.0,0.9,0.9,50,55.55555555555556,55.5555555555556,51.0,51
27,0.7884615384583177,0.05439282932209892,2,50.0,0.9,0.9,50,55.55555555555556,55.5555555555556,51.0,51
29,0.7810606060568814,0.020356104307039262,2,50.0,0.9,0.9,50,55.55555555555556,55.5555555555556,51.0,51
32,0.7811996779349366,0.008255272404448802,2,50.0,0.9,0.9,50,55.55555555555556,55.5555555555556,51.0,51
33,0.7655476833073864,0.024997080810533975,4,50.0,0.9,0.9,50,55.55555555555556,55.5555555555556,51.0,51
50,0.7693387681115548,0.025521049519263844,4,50.0,0.9,0.9,50,55.55555555555556,55.5555555555556,51.0,51
1,0.9999999999845238,1.683610143446612e-12,2,100.0,0.1,0.1,100,1e3,1000,51.0,51
3,0.9999999999845238,1.683610143446612e-12,2,100.0,0.1,0.1,100,1e3,1000,51.0,51
16,0.99999999998,0.0,3,100.0,0.1,0.1,100,1e3,1000,51.0,51
19,0.9999999999816667,2.3570227989760833e-12,2,100.0,0.1,0.1,100,1e3,1000,51.0,51
39,0.9999999999833333,0.0,2,100.0,0.1,0.1,100,1e3,1000,51.0,51
42,0.9999999999833333,0.0,3,100.0,0.1,0.1,100,1e3,1000,51.0,51
57,0.99999999998,0.0,2,100.0,0.1,0.1,100,1e3,1000,51.0,51
59,0.9999999999863095,1.0309643959227539e-12,3,100.0,0.1,0.1,100,1e3,1000,51.0,51
70,0.9999999999816667,2.3570227989760833e-12,2,100.0,0.1,0.1,100,1e3,1000,51.0,51
85,0.9999999999813493,5.625983755042728e-12,3,100.0,0.1,0.1,100,1e3,1000,51.0,51
95,0.9999999999816667,2.3570227989760833e-12,1,100.0,0.1,0.1,100,1e3,1000,51.0,51
10,0.9999999999871527,2.6291244524828805e-12,5,100.0,0.2,0.2,100,500.0,500,51.0,51
47,0.9999999999816667,2.3570227989760833e-12,1,100.0,0.2,0.2,100,500.0,500,51.0,51
50,0.9999999999848678,4.504510582017831e-12,3,100.0,0.2,0.2,100,500.0,500,51.0,51
69,0.99999999998125,8.838835496160312e-12,1,100.0,0.2,0.2,100,500.0,500,51.0,51
70,0.9999999999878572,3.0304354545055542e-12,2,100.0,0.2,0.2,100,500.0,500,51.0,51
77,0.9999999999869444,3.367876848932174e-12,3,100.0,0.2,0.2,100,500.0,500,51.0,51
81,0.9999999999849206,1.3746619264866082e-12,3,100.0,0.2,0.2,100,500.0,500,51.0,51
82,0.9999999999881944,9.820928329067013e-13,2,100.0,0.2,0.2,100,500.0,500,51.0,51
90,0.9999999999878307,1.832839835708809e-12,3,100.0,0.2,0.2,100,500.0,500,51.0,51
91,0.9999999999866667,4.7140455979521665e-12,1,100.0,0.2,0.2,100,500.0,500,51.0,51
16,0.9999999999875794,2.200843312783184e-12,4,100.0,0.3,0.3,100,333.33333333333337,333.333333333333,51.0,51
17,0.9999999999838294,6.073510186620497e-12,2,100.0,0.3,0.3,100,333.33333333333337,333.333333333333,51.0,51
18,0.9999999999894444,7.85674266325361e-13,2,100.0,0.3,0.3,100,333.33333333333337,333.333333333333,51.0,51
26,0.9999999999881944,9.820928329067013e-13,2,100.0,0.3,0.3,100,333.33333333333337,333.333333333333,51.0,51
41,0.9999999999854167,2.9462784987201038e-12,2,100.0,0.3,0.3,100,333.33333333333337,333.333333333333,51.0,51
42,0.9999999999770833,1.473139249360052e-11,2,100.0,0.3,0.3,100,333.33333333333337,333.333333333333,51.0,51
53,0.9999999999859789,2.7872087131744554e-12,3,100.0,0.3,0.3,100,333.33333333333337,333.333333333333,51.0,51
57,0.9999999999845238,1.683610143446612e-12,1,100.0,0.3,0.3,100,333.33333333333337,333.333333333333,51.0,51
69,0.9999999999873016,2.2447611881801934e-12,1,100.0,0.3,0.3,100,333.33333333333337,333.333333333333,51.0,51
6,0.9999999999894444,7.85674266325361e-13,2,100.0,0.4,0.4,100,250.0,250,51.0,51
10,0.9999999999830159,2.8703550402673088e-12,3,100.0,0.4,0.4,100,250.0,250,51.0,51
11,0.99999999998875,1.7677670992320624e-12,2,100.0,0.4,0.4,100,250.0,250,51.0,51
12,0.9999999999878572,3.0304354545055542e-12,1,100.0,0.4,0.4,100,250.0,250,51.0,51
30,0.9999999999875,0.0,2,100.0,0.4,0.4,100,250.0,250,51.0,51
57,0.9999999999883333,1.443375792399503e-12,3,100.0,0.4,0.4,100,250.0,250,51.0,51
64,0.9999999999694444,2.7498599321387635e-11,2,100.0,0.4,0.4,100,250.0,250,51.0,51
79,0.9999999999803572,7.576167140886819e-12,2,100.0,0.4,0.4,100,250.0,250,51.0,51
80,0.9999999999880953,4.123921678711053e-12,3,100.0,0.4,0.4,100,250.0,250,51.0,51
85,0.9999999999892857,5.050751926327007e-12,2,100.0,0.4,0.4,100,250.0,250,51.0,51
91,0.9861111111003539,0.024056261213834525,3,100.0,0.4,0.4,100,250.0,250,51.0,51
93,0.9999999999881191,2.649163164209084e-12,4,100.0,0.4,0.4,100,250.0,250,51.0,51
99,0.9999999999878572,3.0304354545055542e-12,2,100.0,0.4,0.4,100,250.0,250,51.0,51
1,0.97499999999025,0.035355339058973825,2,100.0,0.5,0.5,100,200.0,200,51.0,51
5,0.9999999999904545,6.427958525851375e-13,2,100.0,0.5,0.5,100,200.0,200,51.0,51
25,0.9999999999882011,2.224093515331082e-12,3,100.0,0.5,0.5,100,200.0,200,51.0,51
40,0.9999999999861111,3.928371331626805e-12,2,100.0,0.5,0.5,100,200.0,200,51.0,51
60,0.9999999999881944,9.820928329067013e-13,2,100.0,0.5,0.5,100,200.0,200,51.0,51
81,0.9999999999855556,4.7140455979521665e-12,2,100.0,0.5,0.5,100,200.0,200,51.0,51
82,0.9999999999890993,1.7142390891105312e-12,2,100.0,0.5,0.5,100,200.0,200,51.0,51
87,0.9814814814682865,0.03207501495264,3,100.0,0.5,0.5,100,200.0,200,51.0,51
89,0.9999999999881944,9.820928329067013e-13,2,100.0,0.5,0.5,100,200.0,200,51.0,51
93,0.9999999999904545,6.427958525851375e-13,2,100.0,0.5,0.5,100,200.0,200,51.0,51
95,0.9999999999880953,4.236930223550547e-12,4,100.0,0.5,0.5,100,200.0,200,51.0,51
96,0.9772727272600551,0.03214121732101218,2,100.0,0.5,0.5,100,200.0,200,51.0,51
10,0.99999999998,0.0,2,100.0,0.6,0.6,100,166.66666666666669,166.666666666667,51.0,51
11,0.9529914529825079,0.012087295407088406,2,100.0,0.6,0.6,100,166.66666666666669,166.666666666667,51.0,51
13,0.99999999998875,1.7677670992320624e-12,2,100.0,0.6,0.6,100,166.66666666666669,166.666666666667,51.0,51
19,0.9999999999894696,1.7653140207967364e-12,3,100.0,0.6,0.6,100,166.66666666666669,166.666666666667,51.0,51
27,0.9791666666518403,0.024056261208335945,4,100.0,0.6,0.6,100,166.66666666666669,166.666666666667,51.0,51
28,0.9696969696864497,0.04285495643274819,2,100.0,0.6,0.6,100,166.66666666666669,166.666666666667,51.0,51
50,0.9861111111015046,0.024056261214831134,3,100.0,0.6,0.6,100,166.66666666666669,166.666666666667,51.0,51
61,0.9722222222107253,0.039283710064500744,2,100.0,0.6,0.6,100,166.66666666666669,166.666666666667,51.0,51
62,0.99999999998875,1.7677670992320624e-12,2,100.0,0.6,0.6,100,166.66666666666669,166.666666666667,51.0,51
75,0.99999999998875,1.7677670992320624e-12,2,100.0,0.6,0.6,100,166.66666666666669,166.666666666667,51.0,51
82,0.9999999999904545,6.427958525851375e-13,1,100.0,0.6,0.6,100,166.66666666666669,166.666666666667,51.0,51
85,0.9999999999816667,2.3570227989760833e-12,2,100.0,0.6,0.6,100,166.66666666666669,166.666666666667,51.0,51
86,0.9999999999854545,7.713864249513386e-12,2,100.0,0.6,0.6,100,166.66666666666669,166.666666666667,51.0,51
90,0.974999999989,0.03535533905720606,2,100.0,0.6,0.6,100,166.66666666666669,166.666666666667,51.0,51
8,0.9999999999916084,9.890012397249099e-13,2,100.0,0.7,0.7,100,142.85714285714286,142.857142857143,51.0,51
18,0.9722222222003086,0.039283710049769355,2,100.0,0.7,0.7,100,142.85714285714286,142.857142857143,51.0,51
36,0.9999999999844444,6.285394130602888e-12,2,100.0,0.7,0.7,100,142.85714285714286,142.857142857143,51.0,51
43,0.9841269841190022,0.02749286996038959,3,100.0,0.7,0.7,100,142.85714285714286,142.857142857143,51.0,51
61,0.9540719696896722,0.020757869525226014,2,100.0,0.7,0.7,100,142.85714285714286,142.857142857143,51.0,51
64,0.9999999999866072,1.2626683552734919e-12,1,100.0,0.7,0.7,100,142.85714285714286,142.857142857143,51.0,51
79,0.9821428571338577,0.025253813610818944,2,100.0,0.7,0.7,100,142.85714285714286,142.857142857143,51.0,51
87,0.9687499999841407,0.044194173818303484,3,100.0,0.7,0.7,100,142.85714285714286,142.857142857143,51.0,51
92,0.9807692307592826,0.02719641465741234,2,100.0,0.7,0.7,100,142.85714285714286,142.857142857143,51.0,51
22,0.9999999999833333,0.0,2,100.0,0.8,0.8,100,125.0,125,51.0,51
40,0.9749999999907045,0.03535533905961662,2,100.0,0.8,0.8,100,125.0,125,51.0,51
66,0.9722222222098325,0.039283710063238074,2,100.0,0.8,0.8,100,125.0,125,51.0,51
74,0.9772727272621384,0.032141217323958464,2,100.0,0.8,0.8,100,125.0,125,51.0,51
85,0.9687499999870703,0.04419417381416032,2,100.0,0.8,0.8,100,125.0,125,51.0,51
87,0.985294117640358,0.020797258268790485,2,100.0,0.8,0.8,100,125.0,125,51.0,51
90,0.98214285713108,0.02525381360689057,2,100.0,0.8,0.8,100,125.0,125,51.0,51
97,0.9880952380809052,0.02061965246461036,3,100.0,0.8,0.8,100,125.0,125,51.0,51
5,0.9365384615301613,0.01903749026101811,2,100.0,0.9,0.9,100,111.11111111111111,111.111111111111,51.0,51
16,0.946022727262529,0.012052956499648318,2,100.0,0.9,0.9,100,111.11111111111111,111.111111111111,51.0,51
44,0.9791666666535012,0.03608439182309867,3,100.0,0.9,0.9,100,111.11111111111111,111.111111111111,51.0,51
67,0.9674825174737876,0.022931266281958435,4,100.0,0.9,0.9,100,111.11111111111111,111.111111111111,51.0,51
72,0.9409722222140455,0.004910463754962877,2,100.0,0.9,0.9,100,111.11111111111111,111.111111111111,51.0,51
75,0.9814814814648883,0.032075014949697035,3,100.0,0.9,0.9,100,111.11111111111111,111.111111111111,51.0,51
78,0.9807692307555325,0.02719641465210904,2,100.0,0.9,0.9,100,111.11111111111111,111.111111111111,51.0,51
92,0.9538911380939472,0.04067842926971732,3,100.0,0.9,0.9,100,111.11111111111111,111.111111111111,51.0,51
2,0.9999999999888889,0.0,2,200.0,0.1,0.1,200,2e3,2000,51.0,51
6,0.9999999999881944,9.820928329067013e-13,2,200.0,0.1,0.1,200,2e3,2000,51.0,51
49,0.9999999999875,0.0,1,200.0,0.1,0.1,200,2e3,2000,51.0,51
72,0.9999999999888889,0.0,3,200.0,0.1,0.1,200,2e3,2000,51.0,51
84,0.9999999999881944,9.820928329067013e-13,2,200.0,0.1,0.1,200,2e3,2000,51.0,51
198,0.99999999998875,1.7677670992320624e-12,1,200.0,0.1,0.1,200,2e3,2000,51.0,51
15,0.99999999999,0.0,1,200.0,0.2,0.2,200,1e3,1000,51.0,51
24,0.9999999999892593,6.415003521775569e-13,3,200.0,0.2,0.2,200,1e3,1000,51.0,51
73,0.9999999999894444,7.85674266325361e-13,2,200.0,0.2,0.2,200,1e3,1000,51.0,51
148,0.9999999999894444,7.85674266325361e-13,2,200.0,0.2,0.2,200,1e3,1000,51.0,51
169,0.9999999999892593,6.415003521775569e-13,2,200.0,0.2,0.2,200,1e3,1000,51.0,51
180,0.99999999998875,1.7677670992320624e-12,1,200.0,0.2,0.2,200,1e3,1000,51.0,51
15,0.999999999989899,1.4284701189104986e-12,2,200.0,0.3,0.3,200,666.6666666666667,666.666666666667,51.0,51
16,0.9999999999894444,7.85674266325361e-13,2,200.0,0.3,0.3,200,666.6666666666667,666.666666666667,51.0,51
72,0.9999999999908333,1.1785113994880416e-12,2,200.0,0.3,0.3,200,666.6666666666667,666.666666666667,51.0,51
80,0.9999999999904545,6.427958525851375e-13,2,200.0,0.3,0.3,200,666.6666666666667,666.666666666667,51.0,51
87,0.9999999999904545,6.427958525851375e-13,2,200.0,0.3,0.3,200,666.6666666666667,666.666666666667,51.0,51
166,0.9999999999901852,1.3981176036938614e-12,1,200.0,0.3,0.3,200,666.6666666666667,666.666666666667,51.0,51
190,0.9999999999902778,1.9641856658134027e-12,2,200.0,0.3,0.3,200,666.6666666666667,666.666666666667,51.0,51
13,0.9999999999912879,5.35715546902904e-13,2,200.0,0.4,0.4,200,500.0,500,51.0,51
23,0.9999999999908333,1.1785113994880416e-12,1,200.0,0.4,0.4,200,500.0,500,51.0,51
105,0.999999999990909,0.0,2,200.0,0.4,0.4,200,500.0,500,51.0,51
113,0.9999999999923077,0.0,2,200.0,0.4,0.4,200,500.0,500,51.0,51
119,0.999999999989899,1.4284701189104986e-12,1,200.0,0.4,0.4,200,500.0,500,51.0,51
125,0.9999999999904545,6.427958525851375e-13,2,200.0,0.4,0.4,200,500.0,500,51.0,51
184,0.9999999999894444,7.85674266325361e-13,2,200.0,0.4,0.4,200,500.0,500,51.0,51
31,0.9999999999918832,1.3775206208631913e-12,2,200.0,0.5,0.5,200,400.0,400,51.0,51
42,0.9999999999904545,6.427958525851375e-13,1,200.0,0.5,0.5,200,400.0,400,51.0,51
89,0.9999999999919872,4.5328569282200586e-13,2,200.0,0.5,0.5,200,400.0,400,51.0,51
127,0.9999999999916084,9.890012397249099e-13,2,200.0,0.5,0.5,200,400.0,400,51.0,51
145,0.9999999999912879,5.35715546902904e-13,2,200.0,0.5,0.5,200,400.0,400,51.0,51
147,0.999999999989899,1.4284701189104986e-12,1,200.0,0.5,0.5,200,400.0,400,51.0,51
176,0.9999999999911539,1.6317970923100475e-12,1,200.0,0.5,0.5,200,400.0,400,51.0,51
185,0.9999999999912879,5.35715546902904e-13,1,200.0,0.5,0.5,200,400.0,400,51.0,51
199,0.9999999999904545,6.427958525851375e-13,1,200.0,0.5,0.5,200,400.0,400,51.0,51
15,0.9999999999923077,0.0,2,200.0,0.6,0.6,200,333.33333333333337,333.333333333333,51.0,51
30,0.9999999999923077,0.0,2,200.0,0.6,0.6,200,333.33333333333337,333.333333333333,51.0,51
71,0.9999999999912879,5.35715546902904e-13,2,200.0,0.6,0.6,200,333.33333333333337,333.333333333333,51.0,51
76,0.9999999999904545,6.427958525851375e-13,2,200.0,0.6,0.6,200,333.33333333333337,333.333333333333,51.0,51
82,0.9999999999925824,3.8851938683266224e-13,1,200.0,0.6,0.6,200,333.33333333333337,333.333333333333,51.0,51
143,0.9999999999925,1.1785113994880416e-12,3,200.0,0.6,0.6,200,333.33333333333337,333.333333333333,51.0,51
180,0.9999999999911111,9.622505282663355e-13,2,200.0,0.6,0.6,200,333.33333333333337,333.333333333333,51.0,51
46,0.9999999999921212,1.7142269463909457e-12,2,200.0,0.7,0.7,200,285.7142857142857,285.714285714286,51.0,51
57,0.999999999990909,0.0,1,200.0,0.7,0.7,200,285.7142857142857,285.714285714286,51.0,51
95,0.9999999999918832,1.3775206208631913e-12,2,200.0,0.7,0.7,200,285.7142857142857,285.714285714286,51.0,51
111,0.9999999999918832,1.3775206208631913e-12,2,200.0,0.7,0.7,200,285.7142857142857,285.714285714286,51.0,51
152,0.9999999999916667,0.0,1,200.0,0.7,0.7,200,285.7142857142857,285.714285714286,51.0,51
163,0.9999999999919872,4.5328569282200586e-13,2,200.0,0.7,0.7,200,285.7142857142857,285.714285714286,51.0,51
179,0.9999999999922772,5.958330319471662e-13,4,200.0,0.7,0.7,200,285.7142857142857,285.714285714286,51.0,51
14,0.9999999999919872,4.5328569282200586e-13,2,200.0,0.8,0.8,200,250.0,250,51.0,51
27,0.9999999999919872,4.5328569282200586e-13,2,200.0,0.8,0.8,200,250.0,250,51.0,51
54,0.9999999999912879,5.35715546902904e-13,1,200.0,0.8,0.8,200,250.0,250,51.0,51
113,0.9999999999925133,2.268783602798055e-12,1,200.0,0.8,0.8,200,250.0,250,51.0,51
119,0.9999999999899039,3.39956419154211e-12,2,200.0,0.8,0.8,200,250.0,250,51.0,51
168,0.9999999999911616,4.3740991474433184e-13,2,200.0,0.8,0.8,200,250.0,250,51.0,51
16,0.9999999999919872,4.5328569282200586e-13,2,200.0,0.9,0.9,200,222.22222222222223,222.222222222222,51.0,51
129,0.9999999999911539,1.6317970923100475e-12,2,200.0,0.9,0.9,200,222.22222222222223,222.222222222222,51.0,51
139,0.9999999999918832,1.3775206208631913e-12,2,200.0,0.9,0.9,200,222.22222222222223,222.222222222222,51.0,51
164,0.9999999999921212,1.7142269463909457e-12,2,200.0,0.9,0.9,200,222.22222222222223,222.222222222222,51.0,51
189,0.9999999999919872,4.5328569282200586e-13,3,200.0,0.9,0.9,200,222.22222222222223,222.222222222222,51.0,51
