value,m,s,n,n_arms,eps,f_eps,f_n_arms,n_users
1,50.12034795252004,0.7164897167756114,18,5.0,0.1,0.1,5,101
2,37.51095106293232,0.3546874352457366,25,5.0,0.1,0.1,5,101
3,37.54942670446049,0.5079121118858079,25,5.0,0.1,0.1,5,101
4,49.820521331925256,0.5508114171119286,18,5.0,0.1,0.1,5,101
5,58.2595925559545,0.706193896713407,15,5.0,0.1,0.1,5,101
1,42.16121777801802,0.5278190907302851,19,5.0,0.2,0.2,5,101
2,36.6021871623254,0.5569393314534501,23,5.0,0.2,0.2,5,101
3,37.76672106756665,0.47856366531496325,22,5.0,0.2,0.2,5,101
4,45.875690730053904,0.7093647436880351,17,5.0,0.2,0.2,5,101
5,40.61995748905302,0.7760221594411875,20,5.0,0.2,0.2,5,101
1,37.88041124207456,0.8075038453403157,18,5.0,0.3,0.3,5,101
2,47.990073856602145,0.838651816243468,12,5.0,0.3,0.3,5,101
3,30.7256278071461,0.668515460258699,25,5.0,0.3,0.3,5,101
4,35.44268874336474,0.5791717354121034,20,5.0,0.3,0.3,5,101
5,30.013891726499022,0.7867728829146307,26,5.0,0.3,0.3,5,101
1,30.67381119869913,0.7743793787403521,20,5.0,0.4,0.4,5,101
2,33.006283804432,0.9550769123751086,17,5.0,0.4,0.4,5,101
3,29.665372321085894,0.7464035722448528,21,5.0,0.4,0.4,5,101
4,26.10469908480178,0.839967644634248,27,5.0,0.4,0.4,5,101
5,34.41893266347383,0.9774419731565437,16,5.0,0.4,0.4,5,101
1,26.628544148066425,0.7062599890256543,18,5.0,0.5,0.5,5,101
2,24.828765039426084,0.8839266551141913,21,5.0,0.5,0.5,5,101
3,25.362657252939854,0.880978336992742,20,5.0,0.5,0.5,5,101
4,24.58203981635151,0.9216539922796267,22,5.0,0.5,0.5,5,101
5,25.613646785922114,1.0044679551122107,20,5.0,0.5,0.5,5,101
1,20.90308452298087,0.8133018223353368,17,5.0,0.6,0.6,5,101
2,18.99795538448444,0.6689147009738057,26,5.0,0.6,0.6,5,101
3,22.146685267042052,0.7877095259031338,14,5.0,0.6,0.6,5,101
4,20.121884003074577,0.7032529925531008,22,5.0,0.6,0.6,5,101
5,20.052078499065374,0.8299278009411469,22,5.0,0.6,0.6,5,101
1,15.090273331274293,0.7093709732916474,21,5.0,0.7,0.7,5,101
2,15.18247110927061,0.466564833344018,23,5.0,0.7,0.7,5,101
3,14.978215702538968,0.6946623795707298,23,5.0,0.7,0.7,5,101
4,15.211093710061295,0.7622475840722641,19,5.0,0.7,0.7,5,101
5,15.952376046460882,0.6768597314680878,15,5.0,0.7,0.7,5,101
1,10.968867174972072,0.361578345594647,18,5.0,0.8,0.8,5,101
2,10.92243572998795,0.364223495566736,22,5.0,0.8,0.8,5,101
3,11.084254204729012,0.3451315366248468,17,5.0,0.8,0.8,5,101
4,10.955023959459453,0.28341838613777537,23,5.0,0.8,0.8,5,101
5,11.092467112651754,0.510228211583537,21,5.0,0.8,0.8,5,101
1,12.38329518579306,0.5339189471977018,29,5.0,0.9,0.9,5,101
2,12.342937015430891,0.4793295295770442,33,5.0,0.9,0.9,5,101
3,12.109828093203495,0.44299870097208416,19,5.0,0.9,0.9,5,101
4,12.210450636688579,0.4940507182217775,11,5.0,0.9,0.9,5,101
5,11.996977685489398,0.3210907362506503,9,5.0,0.9,0.9,5,101
1,142.99564833314832,1.5698689750057062,6,10.0,0.1,0.1,10,101
2,78.04509223755603,0.8576420678714837,12,10.0,0.1,0.1,10,101
3,100.57755010058978,0.9886328459731923,9,10.0,0.1,0.1,10,101
4,92.05447172108983,1.1982453445520511,10,10.0,0.1,0.1,10,101
5,83.77326272212686,1.2136508560628967,11,10.0,0.1,0.1,10,101
6,125.36403090373689,0.6675523733295089,7,10.0,0.1,0.1,10,101
7,91.52451953447344,0.8930988349041821,10,10.0,0.1,0.1,10,101
8,77.72948757397347,1.0505144169176275,12,10.0,0.1,0.1,10,101
9,72.08628097016167,0.6164348866100322,13,10.0,0.1,0.1,10,101
10,84.12120482755559,0.800435710545027,11,10.0,0.1,0.1,10,101
1,88.67567421685109,1.1367657642964009,9,10.0,0.2,0.2,10,101
2,81.74626840479829,0.9637476691880116,10,10.0,0.2,0.2,10,101
3,75.423242120875,1.2542897401852333,11,10.0,0.2,0.2,10,101
4,58.69207255879142,0.9144277710024656,15,10.0,0.2,0.2,10,101
5,88.42040670601084,1.5262233191599526,9,10.0,0.2,0.2,10,101
6,81.75920239847913,1.8378758871729879,10,10.0,0.2,0.2,10,101
7,97.93980184654555,2.172347985943529,8,10.0,0.2,0.2,10,101
8,82.2089718614723,1.346391198488203,10,10.0,0.2,0.2,10,101
9,81.38915808864385,1.9729695116664614,10,10.0,0.2,0.2,10,101
10,88.64788371577617,1.3193223435753783,9,10.0,0.2,0.2,10,101
1,77.68031479232508,1.921023585772353,9,10.0,0.3,0.3,10,101
2,91.484953118777,3.1108928665310875,7,10.0,0.3,0.3,10,101
3,108.47223803973831,1.9831619916798218,5,10.0,0.3,0.3,10,101
4,82.66152717788785,1.0103964833935069,8,10.0,0.3,0.3,10,101
5,48.86413219043762,0.8780576806808689,17,10.0,0.3,0.3,10,101
6,71.92678592649231,1.358718148496666,10,10.0,0.3,0.3,10,101
7,77.62792311174711,1.9066760720691818,9,10.0,0.3,0.3,10,101
8,63.31612911619744,1.322835450039716,12,10.0,0.3,0.3,10,101
9,63.23476927233767,1.2073754823289211,12,10.0,0.3,0.3,10,101
10,63.51907099429417,0.8474336807025079,12,10.0,0.3,0.3,10,101
1,68.75998729083142,0.7320380872680597,8,10.0,0.4,0.4,10,101
2,62.384466791379104,1.4451010891542353,10,10.0,0.4,0.4,10,101
3,65.67441162686312,1.5883882949049246,9,10.0,0.4,0.4,10,101
4,58.190553692953536,1.4529157035088176,11,10.0,0.4,0.4,10,101
5,50.773640284233316,1.1519401276958376,14,10.0,0.4,0.4,10,101
6,75.37646953886484,2.4742572827310725,7,10.0,0.4,0.4,10,101
7,52.93180236086628,1.6913131425791204,13,10.0,0.4,0.4,10,101
8,58.41939427922104,2.150445733338407,11,10.0,0.4,0.4,10,101
9,61.78208501981385,1.7914507487702716,10,10.0,0.4,0.4,10,101
10,70.12007250468017,1.537865469516654,8,10.0,0.4,0.4,10,101
1,57.13750720276495,1.6893488269627668,8,10.0,0.5,0.5,10,101
2,54.92558036266794,2.0118560264553516,9,10.0,0.5,0.5,10,101
3,43.62464659247353,1.0289791792477117,14,10.0,0.5,0.5,10,101
4,43.58119940559978,1.293633546777261,14,10.0,0.5,0.5,10,101
5,51.752844865832834,1.5786974138188348,10,10.0,0.5,0.5,10,101
6,62.82334188143049,2.1453491600254893,6,10.0,0.5,0.5,10,101
7,49.35511643186879,0.9630719040988072,11,10.0,0.5,0.5,10,101
8,56.77276795916537,1.3147475873095307,8,10.0,0.5,0.5,10,101
9,49.034693286199364,0.710316849297768,11,10.0,0.5,0.5,10,101
10,52.576318823505666,1.2848200688791518,10,10.0,0.5,0.5,10,101
1,37.28612719806466,1.8532600544195899,13,10.0,0.6,0.6,10,101
2,41.18116160456344,1.5463362609613103,10,10.0,0.6,0.6,10,101
3,39.367917950408234,1.9853999072219766,11,10.0,0.6,0.6,10,101
4,44.04314989544783,1.8776243519353621,8,10.0,0.6,0.6,10,101
5,41.53450466200482,1.8696947851049806,10,10.0,0.6,0.6,10,101
6,42.50726047449489,1.6483961763541777,9,10.0,0.6,0.6,10,101
7,38.66760722384683,1.4509325683684604,12,10.0,0.6,0.6,10,101
8,45.09221633522154,2.141357555167287,8,10.0,0.6,0.6,10,101
9,38.986355660020635,1.2539337886408772,12,10.0,0.6,0.6,10,101
10,43.60190672921438,1.6662174910768863,8,10.0,0.6,0.6,10,101
1,32.44649159696083,1.6228665892920728,8,10.0,0.7,0.7,10,101
2,32.436402365586765,1.3059519809552267,8,10.0,0.7,0.7,10,101
3,29.307365078233868,0.8603678979340241,12,10.0,0.7,0.7,10,101
4,29.345230737746803,1.5445737947696367,13,10.0,0.7,0.7,10,101
5,33.75999798006861,1.7460470505860113,8,10.0,0.7,0.7,10,101
6,31.180731731289004,1.5322497258480015,10,10.0,0.7,0.7,10,101
7,29.956849720268824,1.2587660598818795,12,10.0,0.7,0.7,10,101
8,30.62977959354963,1.7875062964528943,11,10.0,0.7,0.7,10,101
9,31.100074489493984,1.3511963586038116,10,10.0,0.7,0.7,10,101
10,31.36097459281154,1.6289345646222793,9,10.0,0.7,0.7,10,101
1,20.03996921947624,0.6957214800710931,13,10.0,0.8,0.8,10,101
2,19.967851253135684,1.8080366720486571,12,10.0,0.8,0.8,10,101
3,20.712473909662897,1.036584436025188,11,10.0,0.8,0.8,10,101
4,21.26600573703901,1.1366694235105392,10,10.0,0.8,0.8,10,101
5,21.542292533843092,0.5459789138204665,9,10.0,0.8,0.8,10,101
6,21.2082802530287,1.0623144932079158,10,10.0,0.8,0.8,10,101
7,21.83734703917145,1.318520465505812,7,10.0,0.8,0.8,10,101
8,19.71282086817046,1.487615320161755,16,10.0,0.8,0.8,10,101
9,22.260461861839563,2.391803629330421,5,10.0,0.8,0.8,10,101
10,22.310939465268987,1.8060178565450797,8,10.0,0.8,0.8,10,101
1,11.8909767204023,0.5939933906821727,14,10.0,0.9,0.9,10,101
2,12.0766513622993,0.5548949580134674,7,10.0,0.9,0.9,10,101
3,12.521785893128763,0.9641643143852642,6,10.0,0.9,0.9,10,101
4,12.137618666449928,0.5390198579753689,12,10.0,0.9,0.9,10,101
5,12.22514465704287,0.48430679573710317,12,10.0,0.9,0.9,10,101
6,12.13832663563216,0.5205188037765233,8,10.0,0.9,0.9,10,101
7,12.119435005425709,0.6972463124575612,12,10.0,0.9,0.9,10,101
8,12.013144378411399,0.48249090415751467,14,10.0,0.9,0.9,10,101
9,12.28930353702025,0.4228777434943106,4,10.0,0.9,0.9,10,101
10,11.920110253953128,0.5150671792144145,12,10.0,0.9,0.9,10,101
1,119.85877525252539,1.4838451590433177,8,20.0,0.1,0.1,20,101
2,185.07325396825266,2.22414310049821,5,20.0,0.1,0.1,20,101
4,107.37710838544223,1.3021569048381683,9,20.0,0.1,0.1,20,101
5,227.75367063492,3.146106931983619,4,20.0,0.1,0.1,20,101
6,118.8581394300147,1.1286938190390208,8,20.0,0.1,0.1,20,101
7,120.238455988456,2.0236376050431084,8,20.0,0.1,0.1,20,101
8,157.07363516113463,2.1956634125051577,6,20.0,0.1,0.1,20,101
9,226.97093253968188,2.131284825609501,4,20.0,0.1,0.1,20,101
10,185.59215007214877,3.6183984012580974,5,20.0,0.1,0.1,20,101
11,225.71765873015806,3.3582704383650706,4,20.0,0.1,0.1,20,101
12,293.0012025012026,1.1064558737837171,3,20.0,0.1,0.1,20,101
13,185.0910317460304,2.306018647314751,5,20.0,0.1,0.1,20,101
14,184.4558730158715,2.1812259285543716,5,20.0,0.1,0.1,20,101
15,136.0794063079774,1.2594339143100617,7,20.0,0.1,0.1,20,101
16,155.971418396418,2.3632693475092954,6,20.0,0.1,0.1,20,101
17,185.4470634920619,3.0525755103120717,5,20.0,0.1,0.1,20,101
18,290.6578162578165,5.659163319636254,3,20.0,0.1,0.1,20,101
19,226.6148809523803,3.310343266711488,4,20.0,0.1,0.1,20,101
1,126.36985118056577,2.3486556157332834,7,20.0,0.2,0.2,20,101
2,164.87771284271233,1.5823093365632632,5,20.0,0.2,0.2,20,101
3,142.20882635882649,3.0906757314082696,6,20.0,0.2,0.2,20,101
4,167.67293650793593,4.243017254355662,5,20.0,0.2,0.2,20,101
5,91.986505716506,2.025118134814107,10,20.0,0.2,0.2,20,101
6,165.77614718614643,3.1973743144849633,5,20.0,0.2,0.2,20,101
7,250.75146705146733,6.611167127902206,3,20.0,0.2,0.2,20,101
8,167.92526695526618,2.7996487643289663,5,20.0,0.2,0.2,20,101
9,327.86273448773386,8.810213776069425,2,20.0,0.2,0.2,20,101
10,142.55689356939362,2.837538065640709,6,20.0,0.2,0.2,20,101
11,200.6963383838378,3.8110985431861746,4,20.0,0.2,0.2,20,101
12,165.8869047619042,5.026984213127811,5,20.0,0.2,0.2,20,101
13,199.44651251526187,6.481466447465195,4,20.0,0.2,0.2,20,101
14,126.86331168831202,1.9294124333676648,7,20.0,0.2,0.2,20,101
15,143.47338263588264,3.3452483126636,6,20.0,0.2,0.2,20,101
16,169.41279220779148,2.834394932977674,5,20.0,0.2,0.2,20,101
17,201.39108044732978,2.5745965468152257,4,20.0,0.2,0.2,20,101
18,198.24503968253924,2.7649296687833367,4,20.0,0.2,0.2,20,101
19,248.47222222222237,2.427409074469093,3,20.0,0.2,0.2,20,101
20,168.0382539682534,1.169547941677036,5,20.0,0.2,0.2,20,101
1,147.11777777777775,5.876535165267478,5,20.0,0.3,0.3,20,101
2,129.00537703037742,3.379072882944407,6,20.0,0.3,0.3,20,101
3,127.70219363969402,2.4349381317793855,6,20.0,0.3,0.3,20,101
4,173.5630952380947,3.5715713816245014,4,20.0,0.3,0.3,20,101
5,167.238095238095,3.637032091629367,4,20.0,0.3,0.3,20,101
6,127.65651755651794,4.090025880381779,6,20.0,0.3,0.3,20,101
7,148.48884559884553,4.605783943320732,5,20.0,0.3,0.3,20,101
8,114.40635951350284,2.5003762073993014,7,20.0,0.3,0.3,20,101
9,114.12618452975639,1.4322154774851563,7,20.0,0.3,0.3,20,101
10,208.16957671957653,2.4229825115506656,3,20.0,0.3,0.3,20,101
11,173.77196067821023,9.924827068630023,4,20.0,0.3,0.3,20,101
12,205.40119047619024,3.8384913045475533,3,20.0,0.3,0.3,20,101
13,172.2834325396824,3.698067253648793,4,20.0,0.3,0.3,20,101
14,146.81490620490615,2.632409886205736,5,20.0,0.3,0.3,20,101
15,147.25,2.9321791748464507,5,20.0,0.3,0.3,20,101
16,149.49841269841264,4.023460867850803,5,20.0,0.3,0.3,20,101
17,128.0660413660419,2.341043589463939,6,20.0,0.3,0.3,20,101
18,146.45339826839827,4.010630879874302,5,20.0,0.3,0.3,20,101
19,128.14980158730197,4.742881896237498,6,20.0,0.3,0.3,20,101
20,145.39441558441558,3.839960656034817,5,20.0,0.3,0.3,20,101
1,142.03769841269855,5.857482810498216,4,20.0,0.4,0.4,20,101
2,102.97190864690894,3.6369817946062266,7,20.0,0.4,0.4,20,101
3,168.37953342953315,3.71253393462669,3,20.0,0.4,0.4,20,101
4,126.8253823953826,2.5260069892587373,5,20.0,0.4,0.4,20,101
5,205.61132756132744,14.147492493285469,2,20.0,0.4,0.4,20,101
6,166.18097643097627,3.8658722975389184,3,20.0,0.4,0.4,20,101
7,86.17609520109548,2.490575305073958,9,20.0,0.4,0.4,20,101
8,101.4960222317368,2.9535169540476365,7,20.0,0.4,0.4,20,101
9,170.5292328042326,2.8242926975089793,3,20.0,0.4,0.4,20,101
10,147.12680375180366,4.376331031303905,4,20.0,0.4,0.4,20,101
12,102.28606155749041,4.11336427126789,7,20.0,0.4,0.4,20,101
13,149.5088023088021,2.182523304411845,4,20.0,0.4,0.4,20,101
14,102.82184521827413,3.2099145852492033,7,20.0,0.4,0.4,20,101
15,143.9344606782106,3.81682622932075,4,20.0,0.4,0.4,20,101
16,202.415873015873,1.5303811049965366,2,20.0,0.4,0.4,20,101
17,126.25827783327813,1.8159376901547037,5,20.0,0.4,0.4,20,101
18,112.99295935545972,3.3285877804063637,6,20.0,0.4,0.4,20,101
19,92.01554105616636,1.793473217627097,8,20.0,0.4,0.4,20,101
20,78.20168567543595,2.8045586758453993,10,20.0,0.4,0.4,20,101
1,118.20458152958166,4.378415335537352,4,20.0,0.5,0.5,20,101
2,87.82842316413772,3.2386229560828403,7,20.0,0.5,0.5,20,101
3,96.89250749250773,4.4793696061162365,6,20.0,0.5,0.5,20,101
4,88.82154313940055,3.5953714946918534,7,20.0,0.5,0.5,20,101
5,130.11891534391543,4.357814830460521,3,20.0,0.5,0.5,20,101
6,132.8144300144301,4.887433173828234,3,20.0,0.5,0.5,20,101
7,104.38016594516617,2.657159210927674,5,20.0,0.5,0.5,20,101
8,108.95881673881689,5.012014180568834,5,20.0,0.5,0.5,20,101
9,95.81404105154124,2.719453195234557,6,20.0,0.5,0.5,20,101
10,106.2145382395384,3.1214378830649934,5,20.0,0.5,0.5,20,101
11,96.53102823102851,2.9218610440121573,6,20.0,0.5,0.5,20,101
12,88.38801991659153,4.779774617133155,7,20.0,0.5,0.5,20,101
13,132.66156806156823,1.570880404149407,3,20.0,0.5,0.5,20,101
14,133.89173881673887,3.681934196083376,3,20.0,0.5,0.5,20,101
15,89.09559884559911,2.9469676688798225,7,20.0,0.5,0.5,20,101
16,95.81171837421859,2.64136571818316,6,20.0,0.5,0.5,20,101
17,117.00162337662358,4.654956301894981,4,20.0,0.5,0.5,20,101
18,105.59118548118575,4.717111440201833,5,20.0,0.5,0.5,20,101
19,114.97838203463223,2.271125888250722,4,20.0,0.5,0.5,20,101
20,105.04833333333362,4.708061520993801,5,20.0,0.5,0.5,20,101
1,85.71278146689932,5.029307478947567,5,20.0,0.6,0.6,20,101
2,72.16664307914324,4.759663699678064,7,20.0,0.6,0.6,20,101
3,101.33280423280443,3.999253861920607,3,20.0,0.6,0.6,20,101
4,77.72148730898748,3.7782246037672964,6,20.0,0.6,0.6,20,101
5,100.60361120361138,0.7994482333343184,3,20.0,0.6,0.6,20,101
6,87.17593018093037,4.947173637006017,5,20.0,0.6,0.6,20,101
7,101.39062049062065,4.1626268610213435,3,20.0,0.6,0.6,20,101
8,78.65900072150092,4.393102711017,6,20.0,0.6,0.6,20,101
9,86.65324675324693,3.962151841377003,5,20.0,0.6,0.6,20,101
10,70.06213404650926,1.5370599337878939,8,20.0,0.6,0.6,20,101
11,74.16338780267374,2.5631718444535507,7,20.0,0.6,0.6,20,101
12,73.49146567718024,2.7477998369907315,7,20.0,0.6,0.6,20,101
13,86.4807187257189,5.536465842829936,5,20.0,0.6,0.6,20,101
14,108.20676406926421,9.653155463815173,2,20.0,0.6,0.6,20,101
15,96.94502164502182,2.2289750308356506,3,20.0,0.6,0.6,20,101
16,85.1912193362195,4.438645879842984,5,20.0,0.6,0.6,20,101
17,73.39988899988914,2.398839101473266,7,20.0,0.6,0.6,20,101
18,72.86222943722967,4.0443892306615155,7,20.0,0.6,0.6,20,101
19,94.56859066859084,7.3350769710968216,3,20.0,0.6,0.6,20,101
20,92.22775072150088,3.6894396393742475,4,20.0,0.6,0.6,20,101
1,61.70045371295383,2.272500285518878,6,20.0,0.7,0.7,20,101
2,62.61487123987135,3.8051769925419907,5,20.0,0.7,0.7,20,101
3,58.46324555074569,2.639910972989051,6,20.0,0.7,0.7,20,101
4,60.442075517075644,2.8406686659451843,6,20.0,0.7,0.7,20,101
5,59.31279078064806,1.8525576569330375,7,20.0,0.7,0.7,20,101
6,65.07548340548358,4.144326375679728,5,20.0,0.7,0.7,20,101
7,60.63528138528151,2.163386607670021,6,20.0,0.7,0.7,20,101
8,59.996127946128084,2.9990810473174263,6,20.0,0.7,0.7,20,101
9,79.88158369408382,6.386740480736618,2,20.0,0.7,0.7,20,101
10,61.261811799311914,5.222418055862124,6,20.0,0.7,0.7,20,101
11,66.32628149628167,2.309713519945707,5,20.0,0.7,0.7,20,101
12,74.57717560217569,5.2446303828266565,2,20.0,0.7,0.7,20,101
13,74.88082611832618,0.7803938584718775,2,20.0,0.7,0.7,20,101
14,65.08853715728728,2.4450683737432644,4,20.0,0.7,0.7,20,101
15,57.324085542694675,3.5009808169593715,7,20.0,0.7,0.7,20,101
16,61.45453435453448,5.131546863077065,6,20.0,0.7,0.7,20,101
17,60.21044372294384,1.9639271142119772,6,20.0,0.7,0.7,20,101
18,63.90109834609849,3.7265009760128516,5,20.0,0.7,0.7,20,101
19,62.380160395160544,5.574914546860254,5,20.0,0.7,0.7,20,101
20,66.63240995116004,2.781236346064043,4,20.0,0.7,0.7,20,101
1,43.3997710622711,4.038003438106912,4,20.0,0.8,0.8,20,101
2,41.85809944024235,3.7569800409851206,7,20.0,0.8,0.8,20,101
3,42.37799422799426,1.2076709193273472,3,20.0,0.8,0.8,20,101
4,39.581715969215985,3.6186372119215475,6,20.0,0.8,0.8,20,101
5,44.05229076479081,1.0429484680926033,4,20.0,0.8,0.8,20,101
6,45.477981740481766,5.35991038142289,4,20.0,0.8,0.8,20,101
7,42.50267232767237,4.148004171152689,6,20.0,0.8,0.8,20,101
8,42.59066812816817,2.901304392335381,6,20.0,0.8,0.8,20,101
9,41.02562770562773,2.2724837604318067,5,20.0,0.8,0.8,20,101
10,39.60315379065382,2.4412353881533435,8,20.0,0.8,0.8,20,101
11,49.17940670440679,2.5354907357191814,2,20.0,0.8,0.8,20,101
12,38.548677248677265,3.03625961009484,9,20.0,0.8,0.8,20,101
13,46.382184482184506,1.093727558494641,2,20.0,0.8,0.8,20,101
14,41.50729779479784,3.701166547849462,6,20.0,0.8,0.8,20,101
15,45.203775853775895,4.796258295784295,3,20.0,0.8,0.8,20,101
16,39.2139483532341,3.28003467405764,7,20.0,0.8,0.8,20,101
17,42.47240981240984,3.114987964845921,5,20.0,0.8,0.8,20,101
18,47.26723091723095,1.005176113904052,3,20.0,0.8,0.8,20,101
19,43.364792152292196,1.333499828509004,6,20.0,0.8,0.8,20,101
20,42.903124098124145,2.1711614632050846,5,20.0,0.8,0.8,20,101
1,23.751760461760448,1.543491297204268,5,20.0,0.9,0.9,20,101
3,20.274545454545443,1.468345820577279,5,20.0,0.9,0.9,20,101
4,21.565159840159826,2.864423761756801,7,20.0,0.9,0.9,20,101
5,22.095533910533895,3.4659102287697983,5,20.0,0.9,0.9,20,101
6,24.713383838383834,3.1316769593329705,2,20.0,0.9,0.9,20,101
7,21.992040945165932,2.5479377643486947,8,20.0,0.9,0.9,20,101
8,22.99525382025381,3.3685088880085075,3,20.0,0.9,0.9,20,101
9,22.17100769600769,1.2154325872924348,3,20.0,0.9,0.9,20,101
10,22.139941077441065,2.2968423540261163,6,20.0,0.9,0.9,20,101
11,21.805839299589287,1.920205462422792,8,20.0,0.9,0.9,20,101
12,20.308898323898315,1.071571328613893,5,20.0,0.9,0.9,20,101
13,20.431919931919918,1.436149461697704,6,20.0,0.9,0.9,20,101
14,21.76689884189883,3.3491936380019562,6,20.0,0.9,0.9,20,101
15,21.439000814000803,1.679184547562155,6,20.0,0.9,0.9,20,101
16,22.996163836163817,1.8434403246402642,5,20.0,0.9,0.9,20,101
17,22.429033189033177,2.1916764893176803,5,20.0,0.9,0.9,20,101
18,24.031709956709946,2.448707684290044,5,20.0,0.9,0.9,20,101
19,21.721070041070032,1.2145068326381285,5,20.0,0.9,0.9,20,101
20,23.34723887223886,2.0841108841623797,5,20.0,0.9,0.9,20,101
1,436.0964285714273,5.166930265384613,2,30.0,0.1,0.1,30,101
2,305.60634920634914,0.9184130961981268,3,30.0,0.1,0.1,30,101
3,441.8011904761894,9.227743494484333,2,30.0,0.1,0.1,30,101
4,309.2587301587299,7.783141534051287,3,30.0,0.1,0.1,30,101
5,310.2507936507934,0.5507484771739574,3,30.0,0.1,0.1,30,101
6,306.7507936507935,2.390430341683878,3,30.0,0.1,0.1,30,101
7,190.69404761904627,4.55046127835453,5,30.0,0.1,0.1,30,101
8,307.1132275132274,2.1490689408450945,3,30.0,0.1,0.1,30,101
9,234.2791666666664,3.2301315031418256,4,30.0,0.1,0.1,30,101
10,306.80476190476156,2.433581433629039,3,30.0,0.1,0.1,30,101
11,191.16214285714125,1.497207197893405,5,30.0,0.1,0.1,30,101
12,236.63809523809502,4.5524707145630785,4,30.0,0.1,0.1,30,101
13,307.67777777777764,5.11572557396764,3,30.0,0.1,0.1,30,101
14,308.5341269841269,5.5456180395572,3,30.0,0.1,0.1,30,101
15,161.1291005290998,1.447531905852016,6,30.0,0.1,0.1,30,101
16,306.8179894179892,2.9003612182110423,3,30.0,0.1,0.1,30,101
17,442.58749999999884,4.319243921747838,2,30.0,0.1,0.1,30,101
18,236.9095238095236,1.7666901979350746,4,30.0,0.1,0.1,30,101
19,308.67301587301546,3.5884628159849807,3,30.0,0.1,0.1,30,101
20,236.01130952380916,0.8936057708075438,4,30.0,0.1,0.1,30,101
22,307.21984126984114,7.9116695053127195,3,30.0,0.1,0.1,30,101
23,192.42785714285577,4.118482671827087,5,30.0,0.1,0.1,30,101
24,191.22976190476035,2.9919589420072437,5,30.0,0.1,0.1,30,101
25,236.98392857142852,2.4067502191826518,4,30.0,0.1,0.1,30,101
26,236.07797619047588,0.8390560307129429,4,30.0,0.1,0.1,30,101
28,237.6232142857139,2.793116860276813,4,30.0,0.1,0.1,30,101
29,304.9656084656083,3.4019995947921577,3,30.0,0.1,0.1,30,101
30,235.5503968253966,2.957789198677686,4,30.0,0.1,0.1,30,101
1,368.75476190476127,1.4310494381156682,2,30.0,0.2,0.2,30,101
2,382.0339285714276,4.479184741301903,2,30.0,0.2,0.2,30,101
3,215.02539682539665,1.323104899833589,4,30.0,0.2,0.2,30,101
4,373.312499999999,7.666216019364134,2,30.0,0.2,0.2,30,101
5,382.72023809523716,0.8603132504436141,2,30.0,0.2,0.2,30,101
6,152.2513227513226,3.4524730937042727,6,30.0,0.2,0.2,30,101
7,384.82142857142765,13.593286074524077,2,30.0,0.2,0.2,30,101
8,276.58849206349254,13.059272327598077,3,30.0,0.2,0.2,30,101
10,276.15912698412734,9.142042710294588,3,30.0,0.2,0.2,30,101
11,133.03286951144105,3.5666835060847712,7,30.0,0.2,0.2,30,101
12,276.1123015873021,3.6237039933113433,3,30.0,0.2,0.2,30,101
13,179.06150793650727,5.95061503566819,5,30.0,0.2,0.2,30,101
14,179.69055555555485,1.9555660720444683,5,30.0,0.2,0.2,30,101
15,377.48809523809416,10.882710079975698,2,30.0,0.2,0.2,30,101
16,176.6807936507928,3.5483788114387487,5,30.0,0.2,0.2,30,101
17,177.88674603174536,2.725309066521124,5,30.0,0.2,0.2,30,101
18,178.67785714285634,3.9325642227702877,5,30.0,0.2,0.2,30,101
19,277.1468253968256,4.262533262604894,3,30.0,0.2,0.2,30,101
20,273.79523809523846,6.507041907637663,3,30.0,0.2,0.2,30,101
21,380.3690476190467,10.653742169877152,2,30.0,0.2,0.2,30,101
23,177.3463492063485,3.082476367600427,5,30.0,0.2,0.2,30,101
24,378.83809523809435,9.906229286908502,2,30.0,0.2,0.2,30,101
25,384.699999999999,1.3199326582147735,2,30.0,0.2,0.2,30,101
26,275.7269841269844,4.68483848603237,3,30.0,0.2,0.2,30,101
27,274.3297619047624,3.0945063237541834,3,30.0,0.2,0.2,30,101
28,178.70992063491994,3.3853843608551895,5,30.0,0.2,0.2,30,101
29,152.54272486772453,3.9478681180373347,6,30.0,0.2,0.2,30,101
30,386.07976190476097,3.459772465091178,2,30.0,0.2,0.2,30,101
1,238.85277777777804,8.487358546806,3,30.0,0.3,0.3,30,101
2,238.4083333333335,1.542339437686481,3,30.0,0.3,0.3,30,101
3,241.20396825396858,5.38564670041663,3,30.0,0.3,0.3,30,101
4,241.59404761904793,7.756075904436156,3,30.0,0.3,0.3,30,101
5,192.86858766233743,6.470605987920121,4,30.0,0.3,0.3,30,101
6,315.410714285714,20.093617698717498,2,30.0,0.3,0.3,30,101
7,242.40476190476244,15.444877709097634,3,30.0,0.3,0.3,30,101
8,195.6853174603171,1.1550612804896618,4,30.0,0.3,0.3,30,101
9,165.59452380952357,4.855069207664419,5,30.0,0.3,0.3,30,101
10,236.67791005291025,2.168463167842185,3,30.0,0.3,0.3,30,101
11,194.02251984126957,4.278354944020152,4,30.0,0.3,0.3,30,101
12,164.20587301587264,5.4969131105234075,5,30.0,0.3,0.3,30,101
13,306.93095238095236,8.020611203744522,2,30.0,0.3,0.3,30,101
14,163.17888888888865,2.2943310698216157,5,30.0,0.3,0.3,30,101
15,237.14603174603207,5.263536341169786,3,30.0,0.3,0.3,30,101
16,313.6273809523808,4.985102807364967,2,30.0,0.3,0.3,30,101
17,194.93392857142828,7.159862198442068,4,30.0,0.3,0.3,30,101
19,238.54246031746078,5.680839286251677,3,30.0,0.3,0.3,30,101
20,313.668452380952,5.844574264021386,2,30.0,0.3,0.3,30,101
21,196.54414682539652,7.241985847050588,4,30.0,0.3,0.3,30,101
22,240.00357142857195,3.380517521777079,3,30.0,0.3,0.3,30,101
23,111.61231962481993,2.819710354313672,8,30.0,0.3,0.3,30,101
24,240.0215608465612,9.183483417683913,3,30.0,0.3,0.3,30,101
25,243.56071428571485,7.2740113758915195,3,30.0,0.3,0.3,30,101
26,240.94285714285763,4.393231852646914,3,30.0,0.3,0.3,30,101
27,193.58045634920612,5.951135216866194,4,30.0,0.3,0.3,30,101
28,241.14563492063533,5.967937093179583,3,30.0,0.3,0.3,30,101
29,241.42142857142912,1.6526948377597275,3,30.0,0.3,0.3,30,101
30,242.04682539682577,7.573249475309049,3,30.0,0.3,0.3,30,101
1,246.47440476190496,13.582342755291627,2,30.0,0.4,0.4,30,101
2,207.24814814814832,7.430458020990155,3,30.0,0.4,0.4,30,101
4,147.2353174603174,2.634706734959105,5,30.0,0.4,0.4,30,101
5,206.50661375661363,6.498491020230719,3,30.0,0.4,0.4,30,101
6,205.38214285714287,9.616484250356958,3,30.0,0.4,0.4,30,101
7,146.8878571428571,2.7634671563750146,5,30.0,0.4,0.4,30,101
9,207.3018518518519,7.9995311411224135,3,30.0,0.4,0.4,30,101
10,114.55901875901918,5.828416450491904,7,30.0,0.4,0.4,30,101
11,259.24642857142885,0.8232743238100093,2,30.0,0.4,0.4,30,101
12,203.96587301587303,0.6709316522083846,3,30.0,0.4,0.4,30,101
13,170.48148656898633,5.098475597691619,4,30.0,0.4,0.4,30,101
14,254.93809523809563,10.340594881066082,2,30.0,0.4,0.4,30,101
15,115.08653370439119,2.430918871409764,7,30.0,0.4,0.4,30,101
16,257.68194444444487,2.5093872794250167,2,30.0,0.4,0.4,30,101
17,203.86574074074088,6.186559624560504,3,30.0,0.4,0.4,30,101
18,149.28563492063486,4.118011894970685,5,30.0,0.4,0.4,30,101
19,254.7363095238099,1.2803683502199656,2,30.0,0.4,0.4,30,101
21,150.6368253968253,1.187752751211129,5,30.0,0.4,0.4,30,101
22,129.10641534391564,3.689530211722267,6,30.0,0.4,0.4,30,101
23,243.8900793650798,20.879291900036108,2,30.0,0.4,0.4,30,101
24,206.08531746031767,5.0952850094265525,3,30.0,0.4,0.4,30,101
26,149.03777777777785,5.8685284188711275,5,30.0,0.4,0.4,30,101
27,202.01349206349212,6.890381816962053,3,30.0,0.4,0.4,30,101
28,104.02940566378096,2.8056564430670625,8,30.0,0.4,0.4,30,101
29,251.73571428571483,5.044028372464094,2,30.0,0.4,0.4,30,101
30,252.47857142857177,4.8251619878111045,2,30.0,0.4,0.4,30,101
1,115.44312169312192,4.4348684257977435,6,30.0,0.5,0.5,30,101
2,206.08829365079384,16.4511759818199,2,30.0,0.5,0.5,30,101
3,167.3473544973545,11.739832725366439,3,30.0,0.5,0.5,30,101
4,199.92738095238104,11.248048583588957,2,30.0,0.5,0.5,30,101
5,129.24279220779238,2.266056554960742,5,30.0,0.5,0.5,30,101
6,146.79791666666668,5.530398239918433,4,30.0,0.5,0.5,30,101
7,145.00386904761908,7.168463254678317,4,30.0,0.5,0.5,30,101
8,127.05590187590201,2.045319387107092,5,30.0,0.5,0.5,30,101
9,163.75304232804234,9.395636205564463,3,30.0,0.5,0.5,30,101
10,142.04695165945168,3.9828868547733802,4,30.0,0.5,0.5,30,101
12,124.97674603174619,5.247154365630899,5,30.0,0.5,0.5,30,101
15,172.83174603174618,2.3898590354605598,3,30.0,0.5,0.5,30,101
16,146.67003968253985,5.478638729814317,4,30.0,0.5,0.5,30,101
17,172.65158730158723,4.62536223581978,3,30.0,0.5,0.5,30,101
18,166.08244348244335,4.773507431055232,3,30.0,0.5,0.5,30,101
19,127.28407647907663,1.2558568959813052,5,30.0,0.5,0.5,30,101
20,129.1484487734489,5.084894892611683,5,30.0,0.5,0.5,30,101
21,168.29285714285706,4.43989213785283,3,30.0,0.5,0.5,30,101
22,144.13492063492075,5.830751372218322,4,30.0,0.5,0.5,30,101
23,200.44563492063503,14.610172969373396,2,30.0,0.5,0.5,30,101
25,168.15120250120248,3.8134670511916573,3,30.0,0.5,0.5,30,101
26,103.14783549783571,4.481454176186565,7,30.0,0.5,0.5,30,101
28,174.2456349206349,10.477715257001535,3,30.0,0.5,0.5,30,101
29,169.32632275132278,7.0143587248997354,3,30.0,0.5,0.5,30,101
30,130.67214285714297,4.731204787058615,5,30.0,0.5,0.5,30,101
2,106.35246031746043,10.163397490877305,5,30.0,0.6,0.6,30,101
3,131.12447089947088,4.317813366994063,3,30.0,0.6,0.6,30,101
4,118.40009920634932,3.4768781539214295,4,30.0,0.6,0.6,30,101
5,128.95797258297247,3.7620946933166572,3,30.0,0.6,0.6,30,101
6,90.09021851164727,3.358946200284013,7,30.0,0.6,0.6,30,101
7,129.69286916786916,12.054830767549552,3,30.0,0.6,0.6,30,101
9,115.36071428571435,5.536129651974678,4,30.0,0.6,0.6,30,101
10,119.11418650793661,4.090965909902551,4,30.0,0.6,0.6,30,101
11,120.63511904761911,2.158281555959838,4,30.0,0.6,0.6,30,101
12,107.15571428571441,4.20903845413238,5,30.0,0.6,0.6,30,101
13,127.27962962962968,3.7096601220050762,3,30.0,0.6,0.6,30,101
14,130.0861111111111,2.5898848057159505,3,30.0,0.6,0.6,30,101
15,135.52208994708985,1.6174917308765784,3,30.0,0.6,0.6,30,101
16,127.90542328042321,4.129270778550787,3,30.0,0.6,0.6,30,101
17,133.33108465608473,9.681314913538815,3,30.0,0.6,0.6,30,101
18,118.16727994228,3.7121145876074655,4,30.0,0.6,0.6,30,101
19,119.37351190476201,4.914037375709384,4,30.0,0.6,0.6,30,101
20,108.45642857142867,2.8750028673290853,5,30.0,0.6,0.6,30,101
21,134.34828042328044,5.038522931414887,3,30.0,0.6,0.6,30,101
22,119.82248931623931,6.532105081684863,4,30.0,0.6,0.6,30,101
23,120.2280753968254,5.690172432682464,4,30.0,0.6,0.6,30,101
24,116.23253968253974,7.389796068691177,4,30.0,0.6,0.6,30,101
26,110.86668109668118,4.564678984907445,5,30.0,0.6,0.6,30,101
28,156.38373015873015,13.057905225911519,2,30.0,0.6,0.6,30,101
29,117.86299603174616,1.943215473162028,4,30.0,0.6,0.6,30,101
30,155.96587301587292,6.998673546172576,2,30.0,0.6,0.6,30,101
1,85.673888888889,1.4957534792363252,5,30.0,0.7,0.7,30,101
2,83.5515873015874,3.125070684511739,5,30.0,0.7,0.7,30,101
3,111.34325396825403,16.842610092833873,2,30.0,0.7,0.7,30,101
4,95.32751322751325,2.2456084257158655,3,30.0,0.7,0.7,30,101
5,84.63365079365089,1.1651732424009975,5,30.0,0.7,0.7,30,101
6,105.32658730158732,1.388398552901219,2,30.0,0.7,0.7,30,101
7,95.51759259259264,7.58523812942304,3,30.0,0.7,0.7,30,101
8,99.09446248196252,6.99584205797952,2,30.0,0.7,0.7,30,101
9,101.95753968253972,6.28440828383658,3,30.0,0.7,0.7,30,101
11,74.37054730983314,4.586360963989333,7,30.0,0.7,0.7,30,101
12,87.71877705627715,5.491472830121976,4,30.0,0.7,0.7,30,101
13,110.26190476190476,0.9495433918790571,2,30.0,0.7,0.7,30,101
14,97.32208994709005,4.197164882180216,3,30.0,0.7,0.7,30,101
15,89.43561507936512,5.512041581403801,4,30.0,0.7,0.7,30,101
18,85.85178932178943,6.871701562282607,5,30.0,0.7,0.7,30,101
19,90.20833333333337,6.7737410457044955,4,30.0,0.7,0.7,30,101
20,91.93789682539689,6.445844930350778,4,30.0,0.7,0.7,30,101
21,106.35535714285717,2.163129434986957,2,30.0,0.7,0.7,30,101
22,87.44277777777788,7.936698972899223,5,30.0,0.7,0.7,30,101
23,91.48432539682551,5.058572485518906,4,30.0,0.7,0.7,30,101
25,78.5926827801829,7.043743320860726,6,30.0,0.7,0.7,30,101
26,85.52888888888899,2.8860278682405314,5,30.0,0.7,0.7,30,101
27,78.14469095719106,3.963104433885151,6,30.0,0.7,0.7,30,101
28,104.57361111111118,1.428524056754214,2,30.0,0.7,0.7,30,101
29,102.15793650793655,2.103215445844828,3,30.0,0.7,0.7,30,101
1,63.175925925925995,9.571798526087944,3,30.0,0.8,0.8,30,101
2,58.153347763347846,3.589941411258154,5,30.0,0.8,0.8,30,101
3,63.08327020202027,4.261431949069566,4,30.0,0.8,0.8,30,101
4,62.69037698412708,4.791644646777549,4,30.0,0.8,0.8,30,101
5,70.02738095238104,6.597418507642065,2,30.0,0.8,0.8,30,101
6,57.32523809523816,4.497198846123813,5,30.0,0.8,0.8,30,101
7,59.51646825396833,0.17312892221906998,2,30.0,0.8,0.8,30,101
8,66.22314814814821,3.830196006019575,3,30.0,0.8,0.8,30,101
9,59.855158730158806,4.249695598824194,5,30.0,0.8,0.8,30,101
10,59.743452380952405,3.7955144812826918,4,30.0,0.8,0.8,30,101
11,58.025555555555634,3.5559360358357326,5,30.0,0.8,0.8,30,101
13,66.40266955266962,2.971036779677031,3,30.0,0.8,0.8,30,101
14,59.15374458874466,4.625875670604115,5,30.0,0.8,0.8,30,101
15,51.33095689033195,2.8403992541137755,8,30.0,0.8,0.8,30,101
16,62.67753727753735,2.1838373488123,3,30.0,0.8,0.8,30,101
18,62.48287337662347,6.857020362523265,4,30.0,0.8,0.8,30,101
19,72.21587301587306,0.7744502841566796,2,30.0,0.8,0.8,30,101
20,61.35912698412707,0.1885618083163919,2,30.0,0.8,0.8,30,101
21,62.89980158730166,3.4978894778294096,4,30.0,0.8,0.8,30,101
22,62.30648148148156,4.812904581020174,3,30.0,0.8,0.8,30,101
23,68.7299603174604,2.6519310273785917,2,30.0,0.8,0.8,30,101
24,59.13502164502172,3.3294183077354615,5,30.0,0.8,0.8,30,101
26,57.68484126984134,5.058555746167833,5,30.0,0.8,0.8,30,101
27,64.59407467532478,2.6589982133079033,4,30.0,0.8,0.8,30,101
29,60.78363095238105,3.358067488948082,4,30.0,0.8,0.8,30,101
30,62.204232804232895,1.283934586243364,3,30.0,0.8,0.8,30,101
1,30.31833333333332,3.2543446283492408,5,30.0,0.9,0.9,30,101
2,32.47666666666665,2.0223918626361628,5,30.0,0.9,0.9,30,101
3,30.680952380952363,0.5595138184405694,3,30.0,0.9,0.9,30,101
4,33.45449735449735,4.903033456639843,3,30.0,0.9,0.9,30,101
6,32.4626984126984,3.8211825976977902,2,30.0,0.9,0.9,30,101
7,32.61976190476189,2.9421797220351507,5,30.0,0.9,0.9,30,101
8,37.91527777777779,1.283735525368429,2,30.0,0.9,0.9,30,101
9,34.077976190476186,4.401739712886282,2,30.0,0.9,0.9,30,101
10,33.67084235209234,2.088412672534046,4,30.0,0.9,0.9,30,101
11,34.08989898989897,7.621345859620022,2,30.0,0.9,0.9,30,101
12,29.887112193362174,1.5131758774307995,4,30.0,0.9,0.9,30,101
13,28.315584415584404,1.3854294015138868,8,30.0,0.9,0.9,30,101
14,31.34060846560845,1.632196901558026,3,30.0,0.9,0.9,30,101
16,30.338760049474324,2.974773507549224,7,30.0,0.9,0.9,30,101
17,30.71891534391533,2.1017137908712855,3,30.0,0.9,0.9,30,101
18,32.89107142857142,1.6967111370848216,4,30.0,0.9,0.9,30,101
20,34.631646825396814,2.5313228895989552,4,30.0,0.9,0.9,30,101
21,34.51747835497835,2.65723687912776,2,30.0,0.9,0.9,30,101
22,31.230687830687817,3.2720355061987827,3,30.0,0.9,0.9,30,101
23,30.88396825396823,1.2175168262583567,5,30.0,0.9,0.9,30,101
27,30.141156462585023,3.2250365615238104,7,30.0,0.9,0.9,30,101
28,31.32724867724866,0.7322415012194816,3,30.0,0.9,0.9,30,101
29,33.82619047619046,3.631632211489255,4,30.0,0.9,0.9,30,101
30,32.90556277056276,5.156567876451888,5,30.0,0.9,0.9,30,101
3,196.1147619047604,2.4920050165012575,5,40.0,0.1,0.1,40,101
4,313.7976190476184,0.7314485674349236,3,40.0,0.1,0.1,40,101
5,241.34136904761922,3.123948557052855,4,40.0,0.1,0.1,40,101
6,458.65833333333217,2.180245908658428,2,40.0,0.1,0.1,40,101
7,450.3249999999988,2.7930717856868146,2,40.0,0.1,0.1,40,101
8,318.28888888888844,1.2710814876112284,3,40.0,0.1,0.1,40,101
11,315.4277777777775,4.446044850742569,3,40.0,0.1,0.1,40,101
12,456.4992424242413,3.3351869845965307,2,40.0,0.1,0.1,40,101
13,195.83952380952215,1.8519284243427618,5,40.0,0.1,0.1,40,101
14,316.10555555555504,5.338573814266214,3,40.0,0.1,0.1,40,101
15,194.78428571428418,2.400036818264381,5,40.0,0.1,0.1,40,101
16,314.8388888888884,7.436253786038084,3,40.0,0.1,0.1,40,101
17,452.8037878787869,0.618182746582745,2,40.0,0.1,0.1,40,101
18,456.3083333333324,1.47313912747184,2,40.0,0.1,0.1,40,101
19,240.2077380952381,4.344937095467294,4,40.0,0.1,0.1,40,101
20,314.5944444444442,9.068892700589789,3,40.0,0.1,0.1,40,101
22,456.35833333333255,5.480077554195743,2,40.0,0.1,0.1,40,101
23,195.6259523809506,3.2161725502552043,5,40.0,0.1,0.1,40,101
24,456.77976190476073,4.143309020238316,2,40.0,0.1,0.1,40,101
25,455.46666666666556,5.350441310978167,2,40.0,0.1,0.1,40,101
28,451.25416666666536,0.8662058069535368,2,40.0,0.1,0.1,40,101
30,195.352380952379,1.9617913455427425,5,40.0,0.1,0.1,40,101
31,458.3630952380944,9.23447784478145,2,40.0,0.1,0.1,40,101
32,314.9714285714282,3.132159825115499,3,40.0,0.1,0.1,40,101
34,314.7317460317456,4.341572709321209,3,40.0,0.1,0.1,40,101
36,240.11726190476202,1.8910572204951521,4,40.0,0.1,0.1,40,101
38,241.307142857143,2.7942702009935227,4,40.0,0.1,0.1,40,101
39,242.21011904761903,3.024392754027163,4,40.0,0.1,0.1,40,101
40,240.310119047619,4.594509513340777,4,40.0,0.1,0.1,40,101
1,290.9253968253969,10.570728830694941,3,40.0,0.2,0.2,40,101
4,388.0249999999992,1.4024284493532093,2,40.0,0.2,0.2,40,101
5,402.85952380952256,7.424621202458709,2,40.0,0.2,0.2,40,101
6,156.79523809523775,4.212404962506804,6,40.0,0.2,0.2,40,101
8,289.6809523809527,14.12760782018957,3,40.0,0.2,0.2,40,101
9,288.4285714285718,10.599968981257645,3,40.0,0.2,0.2,40,101
11,288.8567460317463,9.090690190967099,3,40.0,0.2,0.2,40,101
12,408.0999999999991,12.445079348883091,2,40.0,0.2,0.2,40,101
14,227.7627976190475,3.8473558440493556,4,40.0,0.2,0.2,40,101
15,403.20833333333223,6.163614109342721,2,40.0,0.2,0.2,40,101
16,226.36289682539672,2.642193807072994,4,40.0,0.2,0.2,40,101
17,157.71812169312125,1.96869072641753,6,40.0,0.2,0.2,40,101
19,403.8499999999993,4.737615433949981,2,40.0,0.2,0.2,40,101
20,225.54067460317464,3.293592615983962,4,40.0,0.2,0.2,40,101
21,289.2164021164023,8.383053839071016,3,40.0,0.2,0.2,40,101
22,288.0555555555558,9.196435994243519,3,40.0,0.2,0.2,40,101
23,398.9416666666657,7.719249027952997,2,40.0,0.2,0.2,40,101
24,399.2333333333323,7.66032346285401,2,40.0,0.2,0.2,40,101
25,288.94206349206354,11.006260415306839,3,40.0,0.2,0.2,40,101
26,289.68809523809534,4.455576266202264,3,40.0,0.2,0.2,40,101
28,185.67896825396758,2.6718211238617737,5,40.0,0.2,0.2,40,101
29,226.53869047619034,6.88323748924405,4,40.0,0.2,0.2,40,101
30,399.949999999999,0.37712361663284405,2,40.0,0.2,0.2,40,101
31,226.07976190476194,2.233810065204171,4,40.0,0.2,0.2,40,101
34,290.15714285714296,12.724134093735556,3,40.0,0.2,0.2,40,101
37,402.1249999999993,21.719963295446686,2,40.0,0.2,0.2,40,101
38,226.08630952380935,7.405533154088012,4,40.0,0.2,0.2,40,101
39,184.6999206349199,2.1548708718683613,5,40.0,0.2,0.2,40,101
40,406.5999999999992,9.204173268444922,2,40.0,0.2,0.2,40,101
1,263.1325396825402,6.680182020096094,3,40.0,0.3,0.3,40,101
2,173.52079365079322,6.126558807406437,5,40.0,0.3,0.3,40,101
3,173.7038888888886,2.352388188676395,5,40.0,0.3,0.3,40,101
4,261.8563492063496,2.8066059639778107,3,40.0,0.3,0.3,40,101
5,259.7682539682545,10.659290161274747,3,40.0,0.3,0.3,40,101
6,262.3246031746036,6.232805978880413,3,40.0,0.3,0.3,40,101
7,343.1964285714279,13.689250566256668,2,40.0,0.3,0.3,40,101
8,208.23690476190475,4.689720348414726,4,40.0,0.3,0.3,40,101
9,338.5583333333327,5.480077554195783,2,40.0,0.3,0.3,40,101
10,343.71309523809487,7.796694056368826,2,40.0,0.3,0.3,40,101
11,264.51970899470956,4.548288794093886,3,40.0,0.3,0.3,40,101
12,258.48769841269905,7.180114077842042,3,40.0,0.3,0.3,40,101
13,346.5857142857136,8.933115668989924,2,40.0,0.3,0.3,40,101
14,347.7041666666663,4.236748130609363,2,40.0,0.3,0.3,40,101
16,346.1845238095232,0.388908729652569,2,40.0,0.3,0.3,40,101
17,342.19166666666604,7.05928269884559,2,40.0,0.3,0.3,40,101
18,259.6805555555561,8.563720851056082,3,40.0,0.3,0.3,40,101
19,208.2220238095238,4.831110648913069,4,40.0,0.3,0.3,40,101
21,340.47261904761876,4.7898066487516076,2,40.0,0.3,0.3,40,101
22,337.5928571428567,7.896025723249875,2,40.0,0.3,0.3,40,101
23,209.66309523809528,1.8910913196989985,4,40.0,0.3,0.3,40,101
24,206.22916666666623,3.542350607563974,4,40.0,0.3,0.3,40,101
26,263.4277777777783,7.162323606251235,3,40.0,0.3,0.3,40,101
27,260.4444444444448,5.005839182986744,3,40.0,0.3,0.3,40,101
29,259.99603174603243,5.980828490211515,3,40.0,0.3,0.3,40,101
30,257.31547619047683,5.771503712382121,3,40.0,0.3,0.3,40,101
32,348.0249999999994,3.311616758557,2,40.0,0.3,0.3,40,101
33,257.28134920634994,3.61197172720455,3,40.0,0.3,0.3,40,101
34,345.87499999999943,3.830161731427146,2,40.0,0.3,0.3,40,101
37,255.2714285714289,14.298756744711884,3,40.0,0.3,0.3,40,101
38,342.3976190476186,17.896535914316374,2,40.0,0.3,0.3,40,101
40,208.54821428571415,9.230948875336669,4,40.0,0.3,0.3,40,101
1,230.71640211640243,12.907271723694869,3,40.0,0.4,0.4,40,101
3,188.47896825396822,2.8443490010205807,4,40.0,0.4,0.4,40,101
5,190.74880952380934,6.74629282874804,4,40.0,0.4,0.4,40,101
9,285.5190476190477,12.751492287397184,2,40.0,0.4,0.4,40,101
10,140.97744708994725,2.049377512073034,6,40.0,0.4,0.4,40,101
11,189.15565476190477,6.1497163451076196,4,40.0,0.4,0.4,40,101
13,227.38809523809545,14.047345437206337,3,40.0,0.4,0.4,40,101
14,229.30634920634967,9.656033423796853,3,40.0,0.4,0.4,40,101
15,227.35582010582047,5.3482119020132215,3,40.0,0.4,0.4,40,101
16,288.3386904761908,6.82947299496009,2,40.0,0.4,0.4,40,101
17,233.9153439153443,2.209155793638821,3,40.0,0.4,0.4,40,101
18,225.67936507936537,7.001197088819412,3,40.0,0.4,0.4,40,101
19,163.534603174603,3.5396132213476985,5,40.0,0.4,0.4,40,101
22,281.04047619047645,13.263302909970372,2,40.0,0.4,0.4,40,101
24,189.6300595238097,7.3447870623144285,4,40.0,0.4,0.4,40,101
25,289.834523809524,9.652007563196277,2,40.0,0.4,0.4,40,101
28,293.46369047619066,6.713305452336428,2,40.0,0.4,0.4,40,101
29,285.37083333333345,26.852380015558918,2,40.0,0.4,0.4,40,101
30,283.42500000000007,8.355645131020953,2,40.0,0.4,0.4,40,101
33,227.6742063492067,7.784672852778879,3,40.0,0.4,0.4,40,101
34,160.21158730158714,5.312733850617549,5,40.0,0.4,0.4,40,101
35,159.55111111111103,6.411295658300308,5,40.0,0.4,0.4,40,101
36,285.3511904761906,2.880618339547938,2,40.0,0.4,0.4,40,101
37,190.8860119047618,4.776629750705063,4,40.0,0.4,0.4,40,101
39,122.15606575963751,3.151753671350863,7,40.0,0.4,0.4,40,101
40,223.32579365079405,3.6351040537351658,3,40.0,0.4,0.4,40,101
1,193.05674603174631,11.980960503568108,3,40.0,0.5,0.5,40,101
2,236.41071428571465,3.7830212793480054,2,40.0,0.5,0.5,40,101
3,162.3992063492063,7.178219454022513,4,40.0,0.5,0.5,40,101
5,164.90446428571428,7.365989914572243,4,40.0,0.5,0.5,40,101
6,189.1404761904763,2.134607134591223,3,40.0,0.5,0.5,40,101
7,163.5637896825396,5.8392366502530635,4,40.0,0.5,0.5,40,101
8,191.5484126984127,7.183967936571071,3,40.0,0.5,0.5,40,101
9,228.41964285714303,3.5346921121455828,2,40.0,0.5,0.5,40,101
10,170.76845238095234,6.682536772329033,4,40.0,0.5,0.5,40,101
11,191.92619047619056,3.6930490263616957,3,40.0,0.5,0.5,40,101
12,191.96031746031764,6.86935269328865,3,40.0,0.5,0.5,40,101
13,234.8261904761909,6.858935777509563,2,40.0,0.5,0.5,40,101
14,141.93246031746045,3.273234514197464,5,40.0,0.5,0.5,40,101
15,231.13650793650828,18.055915538012805,2,40.0,0.5,0.5,40,101
17,229.4654761904765,11.490485194281398,2,40.0,0.5,0.5,40,101
19,227.7416666666669,4.93122800498915,2,40.0,0.5,0.5,40,101
20,231.7750000000003,15.202795795510932,2,40.0,0.5,0.5,40,101
21,164.3092261904762,5.1879149767084725,4,40.0,0.5,0.5,40,101
24,192.39087301587313,9.820394558363521,3,40.0,0.5,0.5,40,101
25,230.54404761904792,4.3318708285546785,2,40.0,0.5,0.5,40,101
26,189.79920634920632,9.25898197241648,3,40.0,0.5,0.5,40,101
27,232.05595238095282,2.6280802034101236,2,40.0,0.5,0.5,40,101
28,197.93333333333345,7.994702309822268,3,40.0,0.5,0.5,40,101
29,191.90595238095247,1.0575315673175292,3,40.0,0.5,0.5,40,101
30,164.75218253968245,4.938177016486694,4,40.0,0.5,0.5,40,101
31,141.3183333333333,3.818642498782685,5,40.0,0.5,0.5,40,101
32,222.39682539682573,6.636702217708115,2,40.0,0.5,0.5,40,101
33,237.21071428571457,7.683893688893862,2,40.0,0.5,0.5,40,101
35,145.4579365079365,5.09750689671977,5,40.0,0.5,0.5,40,101
37,230.1309523809527,1.5253303422738491,2,40.0,0.5,0.5,40,101
39,235.72619047619077,6.712463658549433,2,40.0,0.5,0.5,40,101
40,234.61309523809553,11.63190655051876,2,40.0,0.5,0.5,40,101
2,121.05079365079374,5.5085623157814885,5,40.0,0.6,0.6,40,101
3,121.44238095238099,3.6347288713539445,5,40.0,0.6,0.6,40,101
4,100.19489795918378,3.233559673297236,7,40.0,0.6,0.6,40,101
5,135.70436507936506,3.0015721224353884,4,40.0,0.6,0.6,40,101
6,136.40932539682535,6.20444754032743,4,40.0,0.6,0.6,40,101
7,178.46904761904767,2.3469210785096495,2,40.0,0.6,0.6,40,101
9,154.51468253968252,3.1693153630151882,3,40.0,0.6,0.6,40,101
11,180.41825396825416,13.983878391751277,2,40.0,0.6,0.6,40,101
12,174.545634920635,3.917708285288269,2,40.0,0.6,0.6,40,101
13,159.15198412698408,6.16330142748324,3,40.0,0.6,0.6,40,101
14,155.41428571428574,9.663262874227105,3,40.0,0.6,0.6,40,101
16,152.23730158730154,2.4678862393862375,3,40.0,0.6,0.6,40,101
17,128.8744047619047,5.484303643239223,4,40.0,0.6,0.6,40,101
19,177.67103174603173,10.412427950900927,2,40.0,0.6,0.6,40,101
20,173.96607142857158,14.85345137385317,2,40.0,0.6,0.6,40,101
22,156.73558201058196,4.767198187712615,3,40.0,0.6,0.6,40,101
23,157.32791005291003,4.572507215622416,3,40.0,0.6,0.6,40,101
25,176.1912698412699,7.517779714900818,2,40.0,0.6,0.6,40,101
29,172.31309523809534,14.488954664027247,2,40.0,0.6,0.6,40,101
30,169.0857142857144,12.926585395119954,2,40.0,0.6,0.6,40,101
31,172.00238095238106,9.121677477306488,2,40.0,0.6,0.6,40,101
32,178.27757936507948,9.390770891258017,2,40.0,0.6,0.6,40,101
34,121.60787878787882,11.449921814667249,5,40.0,0.6,0.6,40,101
35,136.57242063492055,7.979150260948103,4,40.0,0.6,0.6,40,101
36,189.6589285714286,3.6575940050662425,2,40.0,0.6,0.6,40,101
37,139.94801587301578,4.778102906461086,4,40.0,0.6,0.6,40,101
39,134.4473214285714,9.26969254618475,4,40.0,0.6,0.6,40,101
40,120.82682539682546,5.136260333136445,5,40.0,0.6,0.6,40,101
1,112.99444444444438,4.753449785571063,3,40.0,0.7,0.7,40,101
2,117.9555555555555,2.70709949219079,3,40.0,0.7,0.7,40,101
5,109.39553571428566,7.369718896344121,4,40.0,0.7,0.7,40,101
7,122.33769841269839,4.996194318874859,3,40.0,0.7,0.7,40,101
8,105.15416666666667,7.505147546946416,4,40.0,0.7,0.7,40,101
10,121.36249999999995,5.957374631496641,2,40.0,0.7,0.7,40,101
11,136.65833333333325,4.638283767068872,2,40.0,0.7,0.7,40,101
13,105.02331349206354,4.796099550785585,4,40.0,0.7,0.7,40,101
14,117.09007936507929,9.516275095096944,3,40.0,0.7,0.7,40,101
15,115.23293650793649,10.103359991877586,3,40.0,0.7,0.7,40,101
17,124.2273809523809,1.685271161827933,2,40.0,0.7,0.7,40,101
18,120.68650793650785,6.00193779334081,3,40.0,0.7,0.7,40,101
20,115.21984126984123,6.073228296905516,3,40.0,0.7,0.7,40,101
21,108.74930555555552,13.653378317411136,4,40.0,0.7,0.7,40,101
22,113.81230158730153,3.929107647387826,3,40.0,0.7,0.7,40,101
23,114.00198412698411,3.5020779249095835,3,40.0,0.7,0.7,40,101
24,117.13575036075032,4.24271707142346,3,40.0,0.7,0.7,40,101
25,140.15793650793643,7.48747513856423,2,40.0,0.7,0.7,40,101
26,116.70555555555558,4.469110778743725,3,40.0,0.7,0.7,40,101
28,97.86150793650795,7.565196133548163,5,40.0,0.7,0.7,40,101
29,110.19553571428571,7.878050381467878,4,40.0,0.7,0.7,40,101
30,129.14702380952377,4.928702623627666,2,40.0,0.7,0.7,40,101
31,118.99682539682527,3.706332551541356,3,40.0,0.7,0.7,40,101
33,117.45925925925923,3.339906650182132,3,40.0,0.7,0.7,40,101
34,112.67896825396822,2.239348721649445,3,40.0,0.7,0.7,40,101
35,132.91488095238083,6.206545592486268,2,40.0,0.7,0.7,40,101
36,123.69722222222217,3.1494311555705403,2,40.0,0.7,0.7,40,101
37,126.26296296296293,12.572845766562763,3,40.0,0.7,0.7,40,101
38,88.46435185185189,5.505037612650433,6,40.0,0.7,0.7,40,101
40,108.522123015873,5.777031532268959,4,40.0,0.7,0.7,40,101
3,74.39513888888897,3.333560608512321,4,40.0,0.8,0.8,40,101
4,80.97910052910058,5.891215531234434,3,40.0,0.8,0.8,40,101
5,93.12420634920633,10.631855531411983,2,40.0,0.8,0.8,40,101
6,78.60000000000004,2.968394551462424,3,40.0,0.8,0.8,40,101
7,67.37888176638184,5.975092626320506,6,40.0,0.8,0.8,40,101
8,83.4156746031746,4.0105861998013195,2,40.0,0.8,0.8,40,101
9,80.89960317460319,2.950206625950526,2,40.0,0.8,0.8,40,101
10,80.7277777777778,2.7872127464870378,3,40.0,0.8,0.8,40,101
11,79.60654761904763,1.5749961757143036,2,40.0,0.8,0.8,40,101
12,71.01309523809532,2.985761277825702,4,40.0,0.8,0.8,40,101
13,79.37949735449739,3.040860363142501,3,40.0,0.8,0.8,40,101
14,80.44940476190479,4.332712622341843,2,40.0,0.8,0.8,40,101
16,67.89365680615688,3.62522390041878,6,40.0,0.8,0.8,40,101
17,79.08571428571429,1.1277599051341014,3,40.0,0.8,0.8,40,101
18,84.19940476190477,1.0469108732567687,2,40.0,0.8,0.8,40,101
19,72.65166666666674,2.584458454058764,5,40.0,0.8,0.8,40,101
20,73.89345238095244,2.1125507905803302,4,40.0,0.8,0.8,40,101
21,75.79424603174608,5.818606915271915,4,40.0,0.8,0.8,40,101
22,79.77559523809526,3.4039334772118934,2,40.0,0.8,0.8,40,101
23,66.39186507936513,5.567849038630754,6,40.0,0.8,0.8,40,101
24,76.51587301587307,3.9636413866958424,5,40.0,0.8,0.8,40,101
25,75.22906746031751,4.164108503875007,4,40.0,0.8,0.8,40,101
29,77.07539682539688,7.934009854869874,3,40.0,0.8,0.8,40,101
31,76.168253968254,3.5137090468708223,3,40.0,0.8,0.8,40,101
32,85.00317460317464,5.631039240020464,2,40.0,0.8,0.8,40,101
33,86.45178571428573,3.1777715464038407,2,40.0,0.8,0.8,40,101
36,73.44583333333338,3.6093583963787217,4,40.0,0.8,0.8,40,101
38,79.13630952380953,5.612239178774623,2,40.0,0.8,0.8,40,101
39,87.2079365079365,6.0783123389138725,2,40.0,0.8,0.8,40,101
1,42.684920634920644,6.168664872065514,2,40.0,0.9,0.9,40,101
2,37.84748677248676,3.260390851582221,6,40.0,0.9,0.9,40,101
3,46.70833333333337,1.0556094090570582,2,40.0,0.9,0.9,40,101
5,41.1935515873016,3.0673887609982797,4,40.0,0.9,0.9,40,101
6,39.95909645909646,2.301070025155603,4,40.0,0.9,0.9,40,101
8,40.74047619047619,4.365308994681569,3,40.0,0.9,0.9,40,101
9,46.06904761904765,1.7223100884615226,2,40.0,0.9,0.9,40,101
10,43.010714285714315,1.8558747026856441,2,40.0,0.9,0.9,40,101
11,42.146825396825406,1.4676231484857691,3,40.0,0.9,0.9,40,101
13,43.48948412698413,9.91605021442518,2,40.0,0.9,0.9,40,101
16,45.391666666666694,4.708994445187567,2,40.0,0.9,0.9,40,101
17,40.95079365079366,4.338723947107967,4,40.0,0.9,0.9,40,101
18,45.825,1.5556349186104217,2,40.0,0.9,0.9,40,101
19,43.045238095238105,5.17534820325583,2,40.0,0.9,0.9,40,101
21,38.80476190476191,9.744604879780352,2,40.0,0.9,0.9,40,101
22,43.345238095238116,4.8706188523159,2,40.0,0.9,0.9,40,101
24,39.63809523809524,3.4934442165764152,2,40.0,0.9,0.9,40,101
26,40.142791005291,3.4074607409292783,6,40.0,0.9,0.9,40,101
27,44.40317460317463,1.9795458223762834,3,40.0,0.9,0.9,40,101
28,39.43650793650794,4.97219530262921,2,40.0,0.9,0.9,40,101
29,39.718452380952385,0.9790061744285251,2,40.0,0.9,0.9,40,101
32,40.70476190476191,3.6329251731464436,4,40.0,0.9,0.9,40,101
33,40.56333333333333,5.535319818681392,5,40.0,0.9,0.9,40,101
34,42.73544973544975,1.4546390597803565,3,40.0,0.9,0.9,40,101
35,40.973809523809535,6.540900015737382,3,40.0,0.9,0.9,40,101
36,35.670105820105825,4.050432360818522,6,40.0,0.9,0.9,40,101
37,35.98253968253968,3.2186181854068487,3,40.0,0.9,0.9,40,101
38,38.45817460317461,5.352454529917574,5,40.0,0.9,0.9,40,101
39,42.4468253968254,5.669288275793001,3,40.0,0.9,0.9,40,101
40,39.7388888888889,4.225735276178421,3,40.0,0.9,0.9,40,101
1,463.1583333333324,14.74317638773941,2,50.0,0.1,0.1,50,101
3,319.9698412698408,4.664883851225623,3,50.0,0.1,0.1,50,101
6,244.32023809523798,4.09088015633735,4,50.0,0.1,0.1,50,101
7,318.3257936507932,4.215720823265191,3,50.0,0.1,0.1,50,101
8,463.64166666666574,1.803122292025664,2,50.0,0.1,0.1,50,101
10,322.3444444444439,3.815805337064463,3,50.0,0.1,0.1,50,101
13,246.03452380952416,0.7879297769048708,4,50.0,0.1,0.1,50,101
14,320.46666666666596,5.46155757189376,3,50.0,0.1,0.1,50,101
15,319.4503968253963,6.421031329120756,3,50.0,0.1,0.1,50,101
16,464.7583333333322,8.520636713297906,2,50.0,0.1,0.1,50,101
17,320.09325396825324,6.8130098816169,3,50.0,0.1,0.1,50,101
21,320.1198412698407,1.802002434515108,3,50.0,0.1,0.1,50,101
22,243.18988095238123,4.606042227335734,4,50.0,0.1,0.1,50,101
23,319.04999999999944,9.743587634952075,3,50.0,0.1,0.1,50,101
24,243.68035714285722,3.1945374382599994,4,50.0,0.1,0.1,50,101
25,464.93333333333226,0.9663792676217007,2,50.0,0.1,0.1,50,101
26,460.84166666666545,4.27799602617854,2,50.0,0.1,0.1,50,101
27,466.6833333333325,13.552879972742176,2,50.0,0.1,0.1,50,101
28,467.1505952380945,0.9200806093297148,2,50.0,0.1,0.1,50,101
33,462.38333333333253,2.8519973507857608,2,50.0,0.1,0.1,50,101
34,318.9277777777771,1.3333680551033984,3,50.0,0.1,0.1,50,101
35,468.516666666666,6.104688544243775,2,50.0,0.1,0.1,50,101
38,466.2833333333325,19.610428064906806,2,50.0,0.1,0.1,50,101
39,245.91250000000034,4.876898965379469,4,50.0,0.1,0.1,50,101
40,468.57499999999914,5.244375293800241,2,50.0,0.1,0.1,50,101
43,465.15833333333234,16.086679271993876,2,50.0,0.1,0.1,50,101
44,471.2249999999991,1.4495689014324304,2,50.0,0.1,0.1,50,101
45,319.00952380952344,3.695643080409227,3,50.0,0.1,0.1,50,101
46,244.61488095238096,3.7621500698601387,4,50.0,0.1,0.1,50,101
47,320.14999999999964,2.7633137313336764,3,50.0,0.1,0.1,50,101
48,321.14999999999924,5.036064380490267,3,50.0,0.1,0.1,50,101
49,466.61666666666576,10.300188779284,2,50.0,0.1,0.1,50,101
50,321.31481481481444,7.436459924855707,3,50.0,0.1,0.1,50,101
3,298.65436507936516,8.378838878305144,3,50.0,0.2,0.2,50,101
4,298.11666666666656,6.536457586321197,3,50.0,0.2,0.2,50,101
5,230.71666666666692,6.244308519675327,4,50.0,0.2,0.2,50,101
6,299.66428571428594,6.351297919383802,3,50.0,0.2,0.2,50,101
7,299.8222222222222,4.383850835526435,3,50.0,0.2,0.2,50,101
8,298.6253968253968,9.500903803925935,3,50.0,0.2,0.2,50,101
10,419.0666666666657,2.097750117520233,2,50.0,0.2,0.2,50,101
12,295.7555555555557,5.640757763647236,3,50.0,0.2,0.2,50,101
14,234.08273809523803,5.760877392666322,4,50.0,0.2,0.2,50,101
15,422.779166666666,11.378526620593508,2,50.0,0.2,0.2,50,101
18,409.54999999999916,16.664149809962804,2,50.0,0.2,0.2,50,101
19,419.94999999999885,15.792051446499347,2,50.0,0.2,0.2,50,101
21,296.44444444444434,1.0772048878325384,3,50.0,0.2,0.2,50,101
25,415.01666666666563,6.59966329107435,2,50.0,0.2,0.2,50,101
26,413.049999999999,8.48528137423849,2,50.0,0.2,0.2,50,101
27,428.00833333333236,18.42013164990945,2,50.0,0.2,0.2,50,101
28,297.8984126984129,4.30878731758097,3,50.0,0.2,0.2,50,101
29,234.15892857142867,10.604077884547975,4,50.0,0.2,0.2,50,101
30,420.01309523809437,19.497627697431927,2,50.0,0.2,0.2,50,101
32,231.5458333333335,3.374525175859448,4,50.0,0.2,0.2,50,101
35,297.6555555555555,8.815647914256914,3,50.0,0.2,0.2,50,101
36,418.4583333333321,0.6953216681667422,2,50.0,0.2,0.2,50,101
37,425.3499999999988,0.28284271247464315,2,50.0,0.2,0.2,50,101
40,420.61666666666576,8.391000470080328,2,50.0,0.2,0.2,50,101
41,233.22440476190505,7.105697620995992,4,50.0,0.2,0.2,50,101
42,416.6214285714276,2.3166165021730816,2,50.0,0.2,0.2,50,101
43,296.26666666666677,6.516986351919701,3,50.0,0.2,0.2,50,101
44,233.62261904761917,4.189946079384363,4,50.0,0.2,0.2,50,101
45,300.35555555555555,6.785858115991484,3,50.0,0.2,0.2,50,101
46,234.20059523809545,3.506252580997811,4,50.0,0.2,0.2,50,101
47,408.96666666666584,3.0641293851418134,2,50.0,0.2,0.2,50,101
50,232.9273809523812,6.8019264700307165,4,50.0,0.2,0.2,50,101
1,368.87045454545375,10.423396779036048,2,50.0,0.3,0.3,50,101
2,371.1833333333325,4.78475588602888,2,50.0,0.3,0.3,50,101
3,360.2124999999992,13.605912981331116,2,50.0,0.3,0.3,50,101
4,356.2595238095232,24.065200786381865,2,50.0,0.3,0.3,50,101
6,360.8583333333328,30.181674443645484,2,50.0,0.3,0.3,50,101
8,363.87619047618983,20.506096654409717,2,50.0,0.3,0.3,50,101
9,363.98333333333267,21.943880442822383,2,50.0,0.3,0.3,50,101
11,273.38968253968295,8.502618088641693,3,50.0,0.3,0.3,50,101
12,274.1869047619053,12.920422539301798,3,50.0,0.3,0.3,50,101
13,367.2797619047616,11.26151728418273,2,50.0,0.3,0.3,50,101
14,370.116666666666,12.987194547792768,2,50.0,0.3,0.3,50,101
18,267.8234126984133,2.900147665461325,3,50.0,0.3,0.3,50,101
19,378.19999999999925,0.09428090415824118,2,50.0,0.3,0.3,50,101
20,365.35714285714226,8.12499363334846,2,50.0,0.3,0.3,50,101
22,271.1222222222228,6.811475882927445,3,50.0,0.3,0.3,50,101
23,270.1134920634925,11.984542513556885,3,50.0,0.3,0.3,50,101
24,217.50892857142867,6.106673030289601,4,50.0,0.3,0.3,50,101
25,218.9130952380954,4.133529684093521,4,50.0,0.3,0.3,50,101
26,181.52714285714234,5.8541628477000485,5,50.0,0.3,0.3,50,101
27,180.37761904761865,4.855009919165165,5,50.0,0.3,0.3,50,101
28,355.5999999999994,3.205550741379155,2,50.0,0.3,0.3,50,101
29,273.4107142857148,10.961105479527625,3,50.0,0.3,0.3,50,101
30,367.72499999999934,9.628437337156747,2,50.0,0.3,0.3,50,101
31,370.4333333333329,12.869343417594957,2,50.0,0.3,0.3,50,101
32,216.86815476190495,3.6060722355583525,4,50.0,0.3,0.3,50,101
35,373.691666666666,5.385796650037381,2,50.0,0.3,0.3,50,101
38,361.10833333333295,2.6516504294495533,2,50.0,0.3,0.3,50,101
42,366.7083333333327,4.3015662522182305,2,50.0,0.3,0.3,50,101
45,360.50833333333264,5.597928684393434,2,50.0,0.3,0.3,50,101
46,273.38333333333384,3.9339335700203226,3,50.0,0.3,0.3,50,101
49,275.2023809523815,2.6501572280401056,3,50.0,0.3,0.3,50,101
50,218.65476190476193,5.678193558357145,4,50.0,0.3,0.3,50,101
1,300.1583333333334,7.813529932111278,2,50.0,0.4,0.4,50,101
2,309.1345238095238,0.388908729652569,2,50.0,0.4,0.4,50,101
3,165.4803174603174,5.934529690921587,5,50.0,0.4,0.4,50,101
4,241.14761904761943,3.563808537578479,3,50.0,0.4,0.4,50,101
5,198.14196428571438,12.163008581521279,4,50.0,0.4,0.4,50,101
10,290.80000000000007,6.246109900481116,2,50.0,0.4,0.4,50,101
13,240.34920634920675,5.36093216953726,3,50.0,0.4,0.4,50,101
14,241.22341269841317,3.3951797257834166,3,50.0,0.4,0.4,50,101
16,242.13412698412753,10.679690267164675,3,50.0,0.4,0.4,50,101
17,241.60555555555618,11.289798671537124,3,50.0,0.4,0.4,50,101
18,247.0452380952386,11.776834016171023,3,50.0,0.4,0.4,50,101
22,316.93333333333305,11.40798940314276,2,50.0,0.4,0.4,50,101
23,244.90476190476252,18.062119912595026,3,50.0,0.4,0.4,50,101
24,167.59611111111101,5.586885901462793,5,50.0,0.4,0.4,50,101
25,311.60833333333323,10.335544118343336,2,50.0,0.4,0.4,50,101
26,301.275,12.928268982693861,2,50.0,0.4,0.4,50,101
28,304.19523809523815,21.82602931262453,2,50.0,0.4,0.4,50,101
30,297.8833333333332,14.896382856996517,2,50.0,0.4,0.4,50,101
31,197.45773809523803,8.68471028010046,4,50.0,0.4,0.4,50,101
33,199.8148809523811,7.511738200301601,4,50.0,0.4,0.4,50,101
35,302.9690476190476,8.626702730475872,2,50.0,0.4,0.4,50,101
36,316.41785714285686,4.725830320929934,2,50.0,0.4,0.4,50,101
39,308.59642857142853,15.089995428035609,2,50.0,0.4,0.4,50,101
41,313.9666666666667,11.148716916707727,2,50.0,0.4,0.4,50,101
42,308.28333333333313,15.980613254815829,2,50.0,0.4,0.4,50,101
43,305.46785714285693,3.0523442721219274,2,50.0,0.4,0.4,50,101
45,242.63809523809587,9.591994902685983,3,50.0,0.4,0.4,50,101
47,239.51481481481508,1.518587558115661,3,50.0,0.4,0.4,50,101
48,301.9107142857141,3.1466251762801285,2,50.0,0.4,0.4,50,101
49,198.14702380952377,4.395984121711251,4,50.0,0.4,0.4,50,101
50,194.57142857142864,11.04445716246877,4,50.0,0.4,0.4,50,101
1,206.47857142857174,7.966196386227661,3,50.0,0.5,0.5,50,101
3,217.6095238095242,1.231606163307338,3,50.0,0.5,0.5,50,101
7,247.81785714285746,2.333452377915675,2,50.0,0.5,0.5,50,101
9,151.90873015873012,6.537857640713363,5,50.0,0.5,0.5,50,101
11,213.23968253968286,2.351804119238735,3,50.0,0.5,0.5,50,101
14,248.84880952380996,20.95898171188412,2,50.0,0.5,0.5,50,101
16,176.20416666666674,8.67056277439022,4,50.0,0.5,0.5,50,101
18,207.78849206349233,10.88206577958165,3,50.0,0.5,0.5,50,101
19,269.1928571428571,3.7712361663281198,2,50.0,0.5,0.5,50,101
20,253.54285714285749,2.0034692133619516,2,50.0,0.5,0.5,50,101
21,209.9984126984129,1.3961587514531026,3,50.0,0.5,0.5,50,101
22,258.12619047619097,7.825315045131264,2,50.0,0.5,0.5,50,101
23,178.1291666666667,6.455900207312142,4,50.0,0.5,0.5,50,101
26,259.7214285714289,14.158971499473344,2,50.0,0.5,0.5,50,101
27,208.20873015873042,2.450886719231745,3,50.0,0.5,0.5,50,101
28,259.84761904761933,1.4310494381155476,2,50.0,0.5,0.5,50,101
32,259.88095238095264,2.7173103448454157,2,50.0,0.5,0.5,50,101
33,175.9218253968254,3.7610776165203403,4,50.0,0.5,0.5,50,101
34,182.07648809523818,4.443058355465978,4,50.0,0.5,0.5,50,101
35,253.68571428571477,4.101219330882044,2,50.0,0.5,0.5,50,101
38,210.39920634920657,9.3786745885033,3,50.0,0.5,0.5,50,101
39,152.36865079365066,3.517594306155204,5,50.0,0.5,0.5,50,101
40,214.57698412698448,4.889135030394158,3,50.0,0.5,0.5,50,101
41,259.90833333333393,0.8838834764830237,2,50.0,0.5,0.5,50,101
42,250.32738095238136,4.230855574099601,2,50.0,0.5,0.5,50,101
43,151.0839682539683,4.630164686957076,5,50.0,0.5,0.5,50,101
44,208.952777777778,21.86698273339143,3,50.0,0.5,0.5,50,101
45,250.35952380952418,9.852354484532645,2,50.0,0.5,0.5,50,101
48,247.6511904761909,7.93138106230911,2,50.0,0.5,0.5,50,101
50,245.27619047619075,18.561553006146834,2,50.0,0.5,0.5,50,101
1,193.59761904761928,24.449058753312027,2,50.0,0.6,0.6,50,101
8,158.15357142857144,11.224028684784052,4,50.0,0.6,0.6,50,101
9,170.20555555555563,8.96571143197697,3,50.0,0.6,0.6,50,101
10,202.20000000000027,5.421151989096898,2,50.0,0.6,0.6,50,101
11,204.94642857142878,15.975562492093283,2,50.0,0.6,0.6,50,101
12,175.11984126984137,8.72910603321305,3,50.0,0.6,0.6,50,101
13,171.1730158730159,1.6469278988945815,3,50.0,0.6,0.6,50,101
17,132.11,4.386299865685837,5,50.0,0.6,0.6,50,101
18,168.59126984126985,13.097925337554335,3,50.0,0.6,0.6,50,101
19,189.18928571428577,12.379419433487389,2,50.0,0.6,0.6,50,101
20,154.0632936507937,8.818333531190715,4,50.0,0.6,0.6,50,101
24,194.28928571428574,8.645222193792714,2,50.0,0.6,0.6,50,101
25,149.5702380952381,2.122683032802496,4,50.0,0.6,0.6,50,101
26,205.99523809523828,7.155247190578281,2,50.0,0.6,0.6,50,101
27,209.85833333333358,0.082495791138456,2,50.0,0.6,0.6,50,101
28,201.14642857142883,14.648895483581331,2,50.0,0.6,0.6,50,101
29,151.37539682539682,3.614192649950965,4,50.0,0.6,0.6,50,101
30,195.68035714285742,2.527906742741819,2,50.0,0.6,0.6,50,101
31,174.54920634920643,0.8583757116984512,3,50.0,0.6,0.6,50,101
32,146.07837301587296,11.797982411555441,4,50.0,0.6,0.6,50,101
35,155.22619047619045,6.04427807352409,4,50.0,0.6,0.6,50,101
36,173.01428571428576,10.995678134691126,3,50.0,0.6,0.6,50,101
37,133.7454761904762,5.001346431524033,5,50.0,0.6,0.6,50,101
40,153.8904761904762,5.58142139058045,4,50.0,0.6,0.6,50,101
45,151.33988095238087,5.573113086478606,4,50.0,0.6,0.6,50,101
46,150.96646825396815,7.383953658876218,4,50.0,0.6,0.6,50,101
47,164.1190476190477,7.19983268576073,3,50.0,0.6,0.6,50,101
1,144.34642857142848,7.624968123795016,2,50.0,0.7,0.7,50,101
2,148.0964285714285,6.38248049399569,2,50.0,0.7,0.7,50,101
3,156.05119047619056,4.877353202612892,2,50.0,0.7,0.7,50,101
4,153.24761904761903,16.22304986550855,2,50.0,0.7,0.7,50,101
5,146.16428571428563,5.6854752382546785,2,50.0,0.7,0.7,50,101
7,116.07513528138523,5.514433097569148,4,50.0,0.7,0.7,50,101
9,147.54166666666666,2.6162950903902984,2,50.0,0.7,0.7,50,101
10,125.89206349206337,4.326253428358004,3,50.0,0.7,0.7,50,101
11,142.1178571428571,9.439875528840345,2,50.0,0.7,0.7,50,101
12,154.177380952381,1.9664302867283268,2,50.0,0.7,0.7,50,101
13,153.2279761904762,8.51979491951079,2,50.0,0.7,0.7,50,101
15,146.9940476190476,12.67068008383324,2,50.0,0.7,0.7,50,101
16,100.62824074074076,7.167171906537466,6,50.0,0.7,0.7,50,101
19,117.94880952380947,10.37547306063911,4,50.0,0.7,0.7,50,101
20,116.68869047619043,10.973770112407552,4,50.0,0.7,0.7,50,101
22,134.41111111111107,6.812004348955538,3,50.0,0.7,0.7,50,101
23,132.83492063492056,7.53868945005292,3,50.0,0.7,0.7,50,101
25,132.3892857142856,5.624267651998403,3,50.0,0.7,0.7,50,101
26,132.37301587301585,5.6773449226174995,3,50.0,0.7,0.7,50,101
28,149.98809523809524,0.8316922616812958,2,50.0,0.7,0.7,50,101
30,149.9964285714286,7.453242191221127,2,50.0,0.7,0.7,50,101
33,150.28452380952376,10.561144853293403,2,50.0,0.7,0.7,50,101
36,121.3574404761904,6.82555938633009,4,50.0,0.7,0.7,50,101
38,136.59722222222217,3.6400008903132686,3,50.0,0.7,0.7,50,101
39,141.65238095238095,1.1549410759380223,2,50.0,0.7,0.7,50,101
40,133.41759259259257,4.012232420586919,3,50.0,0.7,0.7,50,101
42,133.42103174603164,11.306021095007637,3,50.0,0.7,0.7,50,101
43,123.19791666666657,6.607589529803489,4,50.0,0.7,0.7,50,101
44,151.4492063492063,3.5170144426159955,2,50.0,0.7,0.7,50,101
47,134.32499999999993,5.899290860184941,2,50.0,0.7,0.7,50,101
49,119.55535714285706,5.801324921324548,4,50.0,0.7,0.7,50,101
2,94.91269841269839,5.5547741939188535,3,50.0,0.8,0.8,50,101
5,95.12202380952375,3.8124840618974583,2,50.0,0.8,0.8,50,101
6,93.58161375661378,8.868775361871156,3,50.0,0.8,0.8,50,101
7,86.53690476190475,4.579969699570016,3,50.0,0.8,0.8,50,101
11,81.30857142857147,5.161002518451682,5,50.0,0.8,0.8,50,101
12,91.59484126984125,9.18566648242678,3,50.0,0.8,0.8,50,101
13,84.814880952381,7.615924386724067,4,50.0,0.8,0.8,50,101
14,103.50178571428566,3.3814856428884865,2,50.0,0.8,0.8,50,101
18,85.93492063492066,7.890836965246042,3,50.0,0.8,0.8,50,101
19,100.00595238095235,9.352328974979242,2,50.0,0.8,0.8,50,101
21,90.89206349206349,4.427835320287168,2,50.0,0.8,0.8,50,101
23,98.74523809523808,8.75465538611913,2,50.0,0.8,0.8,50,101
24,91.89285714285714,4.949747468305823,2,50.0,0.8,0.8,50,101
26,83.30724206349208,3.452972678946995,4,50.0,0.8,0.8,50,101
27,82.6452380952381,5.768705586523782,5,50.0,0.8,0.8,50,101
28,96.73809523809521,10.670578045619836,2,50.0,0.8,0.8,50,101
29,89.2047619047619,5.14810528260213,3,50.0,0.8,0.8,50,101
30,86.56269841269845,4.265893540002306,3,50.0,0.8,0.8,50,101
32,87.7480158730159,12.946288030618309,3,50.0,0.8,0.8,50,101
34,97.59404761904759,6.234324787461381,2,50.0,0.8,0.8,50,101
35,81.48333333333338,4.656779187767867,4,50.0,0.8,0.8,50,101
38,92.81845238095235,6.245268106694032,2,50.0,0.8,0.8,50,101
40,91.05886243386244,6.719966525428565,3,50.0,0.8,0.8,50,101
43,91.9738095238095,1.8553135068275828,2,50.0,0.8,0.8,50,101
45,91.39047619047618,8.35243329855454,3,50.0,0.8,0.8,50,101
47,101.02321428571429,24.220932637000526,2,50.0,0.8,0.8,50,101
48,84.98184523809525,2.709407928276313,4,50.0,0.8,0.8,50,101
49,83.14365079365079,9.372921487905575,3,50.0,0.8,0.8,50,101
50,99.2238095238095,8.929748493841515,2,50.0,0.8,0.8,50,101
3,45.92559523809526,3.489235247640782,2,50.0,0.9,0.9,50,101
4,52.717261904761926,4.8091679058556505,2,50.0,0.9,0.9,50,101
5,46.95119047619049,1.3317177712346542,2,50.0,0.9,0.9,50,101
7,46.84404761904764,2.79930243173338,4,50.0,0.9,0.9,50,101
8,45.93333333333334,11.71440234165715,2,50.0,0.9,0.9,50,101
9,43.76329365079366,2.9718762461022292,6,50.0,0.9,0.9,50,101
11,48.91309523809525,1.2441712173734856,2,50.0,0.9,0.9,50,101
13,52.24702380952383,4.990995363875051,2,50.0,0.9,0.9,50,101
15,47.3404761904762,3.47661527084844,3,50.0,0.9,0.9,50,101
19,49.7202380952381,5.2221338253000065,3,50.0,0.9,0.9,50,101
21,48.214682539682556,6.425641564857972,3,50.0,0.9,0.9,50,101
22,39.38095238095238,3.282995769794687,2,50.0,0.9,0.9,50,101
25,47.82202380952382,8.077868240439546,4,50.0,0.9,0.9,50,101
27,47.91904761904763,1.3199326582148891,2,50.0,0.9,0.9,50,101
28,48.49940476190478,6.979621776995662,4,50.0,0.9,0.9,50,101
29,46.98333333333335,4.878052952222473,4,50.0,0.9,0.9,50,101
31,49.03928571428575,3.44523871227823,3,50.0,0.9,0.9,50,101
32,44.169841269841285,2.3952396730721666,3,50.0,0.9,0.9,50,101
33,46.69871031746034,4.579773685554452,4,50.0,0.9,0.9,50,101
34,50.101190476190496,0.776133871730959,2,50.0,0.9,0.9,50,101
35,47.81369047619049,1.1019080673490191,2,50.0,0.9,0.9,50,101
36,47.23601190476193,4.786144395009321,4,50.0,0.9,0.9,50,101
37,52.383333333333354,4.384062043356582,2,50.0,0.9,0.9,50,101
38,48.78194444444448,4.296405700854408,4,50.0,0.9,0.9,50,101
41,50.5214285714286,3.1651446395969307,2,50.0,0.9,0.9,50,101
42,47.502579365079384,2.427022569951007,4,50.0,0.9,0.9,50,101
44,45.380952380952394,2.4108974063312676,2,50.0,0.9,0.9,50,101
45,46.91944444444446,0.7960114693013255,3,50.0,0.9,0.9,50,101
46,48.387301587301614,6.7240103223311,3,50.0,0.9,0.9,50,101
47,57.17678571428574,7.423779408671635,2,50.0,0.9,0.9,50,101
50,45.635317460317474,3.6496983562287464,3,50.0,0.9,0.9,50,101
1,332.6166666666658,3.92905841137529,3,100.0,0.1,0.1,100,101
2,332.0333333333322,5.102640928425469,3,100.0,0.1,0.1,100,101
7,332.3333333333324,11.188101318414207,3,100.0,0.1,0.1,100,101
8,330.4666666666657,6.181850675790657,3,100.0,0.1,0.1,100,101
14,488.20833333333286,14.55461457942305,2,100.0,0.1,0.1,100,101
15,486.49999999999955,5.539003119294689,2,100.0,0.1,0.1,100,101
17,486.583333333333,6.7175144212722016,2,100.0,0.1,0.1,100,101
34,486.4166666666662,3.653385036130509,2,100.0,0.1,0.1,100,101
37,253.06250000000048,3.3580576120617964,4,100.0,0.1,0.1,100,101
38,203.88976190476012,3.1372006275942423,5,100.0,0.1,0.1,100,101
42,331.24999999999915,6.548430685625435,3,100.0,0.1,0.1,100,101
50,329.97777777777685,5.6398466619553655,3,100.0,0.1,0.1,100,101
53,483.99999999999943,14.142135623730951,2,100.0,0.1,0.1,100,101
65,482.6249999999993,11.372634064083666,2,100.0,0.1,0.1,100,101
68,333.2333333333322,1.3527749258468944,3,100.0,0.1,0.1,100,101
69,329.7333333333323,3.6429154990656456,3,100.0,0.1,0.1,100,101
71,481.74999999999955,4.949747468305833,2,100.0,0.1,0.1,100,101
72,485.0833333333327,1.7677669529663689,2,100.0,0.1,0.1,100,101
73,485.1666666666663,15.084944665313,2,100.0,0.1,0.1,100,101
75,488.4166666666662,2.8284271247461903,2,100.0,0.1,0.1,100,101
78,331.81111111111034,4.370397049510433,3,100.0,0.1,0.1,100,101
81,484.9166666666662,18.502627441047927,2,100.0,0.1,0.1,100,101
92,331.11111111111046,5.665645332796053,3,100.0,0.1,0.1,100,101
2,320.33333333333275,3.9589911734064147,3,100.0,0.2,0.2,100,101
8,455.28333333333273,16.734860488081637,2,100.0,0.2,0.2,100,101
18,449.07499999999936,11.72618745467686,2,100.0,0.2,0.2,100,101
22,316.8888888888885,3.5976973088249915,3,100.0,0.2,0.2,100,101
27,452.9166666666661,11.902964149973497,2,100.0,0.2,0.2,100,101
45,320.7611111111108,12.054947501306158,3,100.0,0.2,0.2,100,101
47,318.50555555555525,7.590808281755624,3,100.0,0.2,0.2,100,101
49,447.8083333333326,15.874547237637984,2,100.0,0.2,0.2,100,101
52,453.2249999999992,9.746288467354518,2,100.0,0.2,0.2,100,101
55,319.88888888888863,11.053636070106766,3,100.0,0.2,0.2,100,101
59,457.1666666666662,7.54247233265644,2,100.0,0.2,0.2,100,101
65,448.74166666666605,9.251313720523942,2,100.0,0.2,0.2,100,101
66,448.4833333333327,0.23570226039554265,2,100.0,0.2,0.2,100,101
69,320.30555555555515,10.000115740070553,3,100.0,0.2,0.2,100,101
71,452.83333333333246,2.946278254944002,2,100.0,0.2,0.2,100,101
73,448.91666666666583,0.11785113019769093,2,100.0,0.2,0.2,100,101
74,317.28333333333336,11.013867521346446,3,100.0,0.2,0.2,100,101
80,450.6166666666661,10.724452847995863,2,100.0,0.2,0.2,100,101
85,453.9499999999989,0.4714045207910451,2,100.0,0.2,0.2,100,101
88,453.44999999999914,13.081475451951048,2,100.0,0.2,0.2,100,101
90,314.2444444444443,11.833525037570375,3,100.0,0.2,0.2,100,101
93,461.88333333333264,5.2090199547409055,2,100.0,0.2,0.2,100,101
94,451.74166666666576,3.594459471031563,2,100.0,0.2,0.2,100,101
98,448.241666666666,2.5337992992517817,2,100.0,0.2,0.2,100,101
99,447.7083333333328,5.951482074986869,2,100.0,0.2,0.2,100,101
1,410.6999999999996,15.438498055906194,2,100.0,0.3,0.3,100,101
3,408.266666666666,5.044028372463953,2,100.0,0.3,0.3,100,101
4,413.8666666666661,10.842303978193636,2,100.0,0.3,0.3,100,101
15,410.6166666666661,17.677669529663486,2,100.0,0.3,0.3,100,101
16,304.9055555555555,6.775288705069086,3,100.0,0.3,0.3,100,101
18,414.26666666666597,10.606601717798133,2,100.0,0.3,0.3,100,101
23,415.3166666666659,0.23570226039550243,2,100.0,0.3,0.3,100,101
29,404.8666666666661,2.4748737341529568,2,100.0,0.3,0.3,100,101
30,409.55833333333305,16.44023266258715,2,100.0,0.3,0.3,100,101
33,409.4083333333326,11.84403858487463,2,100.0,0.3,0.3,100,101
34,299.50000000000017,0.2753785273642249,3,100.0,0.3,0.3,100,101
35,400.58333333333275,7.306770072260857,2,100.0,0.3,0.3,100,101
44,302.0333333333331,11.500084540751713,3,100.0,0.3,0.3,100,101
46,412.6499999999995,9.899494936611624,2,100.0,0.3,0.3,100,101
49,407.21666666666624,11.078006238589218,2,100.0,0.3,0.3,100,101
50,407.7833333333331,6.363961030678968,2,100.0,0.3,0.3,100,101
52,408.21785714285636,20.777154253864676,2,100.0,0.3,0.3,100,101
53,405.1083333333329,3.4766083408337916,2,100.0,0.3,0.3,100,101
65,403.9166666666663,7.896025723249875,2,100.0,0.3,0.3,100,101
66,411.80833333333294,9.369164850721715,2,100.0,0.3,0.3,100,101
67,420.5833333333328,0.9428090415820499,2,100.0,0.3,0.3,100,101
68,302.3166666666666,7.31336295952654,3,100.0,0.3,0.3,100,101
69,414.3416666666659,6.092903431223969,2,100.0,0.3,0.3,100,101
71,403.5999999999992,5.798275605729803,2,100.0,0.3,0.3,100,101
75,413.12499999999943,1.9445436482630458,2,100.0,0.3,0.3,100,101
79,411.39166666666574,22.332789172475074,2,100.0,0.3,0.3,100,101
81,301.88888888888897,6.334853618700969,3,100.0,0.3,0.3,100,101
83,237.83988095238158,6.548347831014228,4,100.0,0.3,0.3,100,101
100,402.6666666666662,13.293607486307062,2,100.0,0.3,0.3,100,101
2,358.95833333333314,24.241977481678745,2,100.0,0.4,0.4,100,101
3,368.7666666666664,8.57956227839657,2,100.0,0.4,0.4,100,101
15,368.2833333333328,8.48528137423857,2,100.0,0.4,0.4,100,101
16,364.28333333333313,7.990306627407955,2,100.0,0.4,0.4,100,101
19,276.33888888888936,3.4180214116312833,3,100.0,0.4,0.4,100,101
23,364.79166666666634,0.7896025723249834,2,100.0,0.4,0.4,100,101
25,360.58333333333303,2.82842712474615,2,100.0,0.4,0.4,100,101
29,280.4222222222226,9.231126892405923,3,100.0,0.4,0.4,100,101
35,276.7055555555559,14.31724225980396,3,100.0,0.4,0.4,100,101
37,359.73333333333295,14.637110370561405,2,100.0,0.4,0.4,100,101
39,281.9166666666669,9.561264444505957,3,100.0,0.4,0.4,100,101
41,280.3611111111115,7.710172453276062,3,100.0,0.4,0.4,100,101
44,372.0916666666662,10.665527282897118,2,100.0,0.4,0.4,100,101
49,369.5999999999996,17.206265008872602,2,100.0,0.4,0.4,100,101
52,277.1595238095243,18.19246638950644,3,100.0,0.4,0.4,100,101
58,224.35119047619082,9.19569645722032,4,100.0,0.4,0.4,100,101
61,278.23333333333375,4.411443452355637,3,100.0,0.4,0.4,100,101
62,364.1749999999997,3.0523442721218474,2,100.0,0.4,0.4,100,101
65,224.66369047619102,5.966532819727836,4,100.0,0.4,0.4,100,101
68,278.2000000000006,8.007513832506026,3,100.0,0.4,0.4,100,101
69,279.4277777777783,20.023308177480633,3,100.0,0.4,0.4,100,101
83,361.04999999999984,8.273149339882599,2,100.0,0.4,0.4,100,101
94,364.0749999999998,11.113361577648552,2,100.0,0.4,0.4,100,101
96,367.34166666666624,16.558083792784963,2,100.0,0.4,0.4,100,101
100,273.06666666666723,6.398849723018675,3,100.0,0.4,0.4,100,101
5,311.3166666666667,4.596194077712599,2,100.0,0.5,0.5,100,101
12,204.11071428571455,5.9268944845756195,4,100.0,0.5,0.5,100,101
13,302.2583333333333,16.53451356674519,2,100.0,0.5,0.5,100,101
15,324.43333333333317,3.5119636798929665,2,100.0,0.5,0.5,100,101
17,300.1833333333334,4.0069384267237425,2,100.0,0.5,0.5,100,101
18,313.99166666666673,2.085965004500267,2,100.0,0.5,0.5,100,101
25,304.27500000000003,1.2138666410368477,2,100.0,0.5,0.5,100,101
27,302.01666666666677,0.49497474683057524,2,100.0,0.5,0.5,100,101
28,245.85555555555598,16.360473483141988,3,100.0,0.5,0.5,100,101
29,319.7999999999998,4.124789556921473,2,100.0,0.5,0.5,100,101
43,321.2333333333331,4.360491817317016,2,100.0,0.5,0.5,100,101
44,319.32499999999993,10.7598081870552,2,100.0,0.5,0.5,100,101
46,298.35833333333346,5.008673033404618,2,100.0,0.5,0.5,100,101
48,309.45,7.566042558696011,2,100.0,0.5,0.5,100,101
49,246.90952380952422,1.3250786140200685,3,100.0,0.5,0.5,100,101
54,305.8083333333334,3.9244426355853066,2,100.0,0.5,0.5,100,101
56,309.11666666666656,13.19932658214878,2,100.0,0.5,0.5,100,101
58,312.80000000000007,6.811795325430242,2,100.0,0.5,0.5,100,101
61,246.47222222222263,7.202802952349219,3,100.0,0.5,0.5,100,101
65,246.8000000000005,12.209866229133462,3,100.0,0.5,0.5,100,101
66,247.9777777777783,13.01129139262132,3,100.0,0.5,0.5,100,101
68,206.7428571428576,2.54287311985942,4,100.0,0.5,0.5,100,101
70,311.0333333333334,6.246109900481197,2,100.0,0.5,0.5,100,101
71,315.94166666666666,6.7764399863710265,2,100.0,0.5,0.5,100,101
75,250.00000000000043,8.387540362545732,3,100.0,0.5,0.5,100,101
84,325.3499999999998,3.040559159102082,2,100.0,0.5,0.5,100,101
92,254.72777777777827,4.3131688960584915,3,100.0,0.5,0.5,100,101
96,239.1111111111116,15.993378259396898,3,100.0,0.5,0.5,100,101
1,214.12222222222243,3.5006480881455917,3,100.0,0.6,0.6,100,101
3,251.76666666666694,14.896382856996558,2,100.0,0.6,0.6,100,101
8,254.86666666666684,19.657568516985968,2,100.0,0.6,0.6,100,101
9,250.6666666666669,14.330697432047334,2,100.0,0.6,0.6,100,101
15,257.42619047619075,9.640222450176632,2,100.0,0.6,0.6,100,101
16,257.2333333333336,9.050966799187735,2,100.0,0.6,0.6,100,101
19,250.7630952380955,3.7055762509324177,2,100.0,0.6,0.6,100,101
28,248.09166666666704,6.281465239540513,2,100.0,0.6,0.6,100,101
30,243.64166666666694,12.586500705120555,2,100.0,0.6,0.6,100,101
32,266.8000000000002,9.522371319978701,2,100.0,0.6,0.6,100,101
33,253.2333333333336,8.744553860673683,2,100.0,0.6,0.6,100,101
36,260.25833333333355,5.715779814591126,2,100.0,0.6,0.6,100,101
37,267.4380952380955,20.405081399954618,2,100.0,0.6,0.6,100,101
40,248.83333333333366,1.9091883092037707,2,100.0,0.6,0.6,100,101
42,246.80833333333354,4.890821903206967,2,100.0,0.6,0.6,100,101
48,246.10000000000025,10.488750587600503,2,100.0,0.6,0.6,100,101
55,259.3000000000002,16.87628184431888,2,100.0,0.6,0.6,100,101
57,255.9583333333336,7.483546767557655,2,100.0,0.6,0.6,100,101
59,253.2833333333334,22.485995641732057,2,100.0,0.6,0.6,100,101
60,245.58333333333348,2.333452377915615,2,100.0,0.6,0.6,100,101
61,213.027777777778,13.509896920954432,3,100.0,0.6,0.6,100,101
64,250.766666666667,3.2526911934580744,2,100.0,0.6,0.6,100,101
65,219.266666666667,17.012405604277312,3,100.0,0.6,0.6,100,101
67,200.40555555555582,11.396933473202024,3,100.0,0.6,0.6,100,101
72,208.2500000000002,2.9399546481763243,3,100.0,0.6,0.6,100,101
75,160.88523809523807,10.87818168329133,5,100.0,0.6,0.6,100,101
77,257.2000000000003,12.940054095713828,2,100.0,0.6,0.6,100,101
78,253.00833333333355,2.038824552421267,2,100.0,0.6,0.6,100,101
81,215.93333333333365,3.4742305303156757,3,100.0,0.6,0.6,100,101
97,213.15555555555576,10.21083756132199,3,100.0,0.6,0.6,100,101
11,203.42500000000007,13.399673503485127,2,100.0,0.7,0.7,100,101
16,199.9083333333336,15.002448874174625,2,100.0,0.7,0.7,100,101
21,194.89166666666677,15.261721360609698,2,100.0,0.7,0.7,100,101
23,191.13333333333347,6.882506003549073,2,100.0,0.7,0.7,100,101
24,191.9000000000001,8.697413408594583,2,100.0,0.7,0.7,100,101
28,172.4666666666667,18.447003671177754,3,100.0,0.7,0.7,100,101
32,194.82500000000016,2.180245908658548,2,100.0,0.7,0.7,100,101
42,204.36666666666684,11.950104602052697,2,100.0,0.7,0.7,100,101
44,154.19722222222225,22.510375065660593,4,100.0,0.7,0.7,100,101
56,196.28333333333347,6.953216681667764,2,100.0,0.7,0.7,100,101
59,200.79285714285726,2.80485689870668,2,100.0,0.7,0.7,100,101
60,186.2333333333334,5.232590180780456,2,100.0,0.7,0.7,100,101
64,199.3166666666668,3.5355339059327777,2,100.0,0.7,0.7,100,101
68,190.54166666666674,4.772970773009216,2,100.0,0.7,0.7,100,101
70,182.21666666666675,16.074894158974292,2,100.0,0.7,0.7,100,101
73,159.5611111111111,12.729278732003555,3,100.0,0.7,0.7,100,101
75,180.77777777777777,13.422931594573273,3,100.0,0.7,0.7,100,101
76,201.63333333333347,5.539003119294609,2,100.0,0.7,0.7,100,101
79,192.3416666666668,7.01214224676659,2,100.0,0.7,0.7,100,101
82,190.21666666666675,13.364318164425752,2,100.0,0.7,0.7,100,101
84,196.21666666666678,4.831896338108142,2,100.0,0.7,0.7,100,101
86,196.7166666666667,10.25304832720496,2,100.0,0.7,0.7,100,101
87,158.71666666666664,21.460368296173588,4,100.0,0.7,0.7,100,101
90,177.88333333333338,12.468649574922763,2,100.0,0.7,0.7,100,101
93,172.95634920634927,3.807478865822024,3,100.0,0.7,0.7,100,101
99,163.67857142857147,2.4831449958258682,3,100.0,0.7,0.7,100,101
100,184.0250000000001,14.201061188829916,2,100.0,0.7,0.7,100,101
5,122.11984126984119,9.250355552807878,3,100.0,0.8,0.8,100,101
6,135.04999999999995,4.030508652763373,2,100.0,0.8,0.8,100,101
11,120.47222222222216,15.022782081940823,3,100.0,0.8,0.8,100,101
15,126.34444444444438,7.745990599682561,3,100.0,0.8,0.8,100,101
19,131.8083333333333,2.2980970388563198,2,100.0,0.8,0.8,100,101
20,138.75833333333324,2.722361107568224,2,100.0,0.8,0.8,100,101
21,132.36666666666662,8.46171114819902,2,100.0,0.8,0.8,100,101
23,110.40416666666663,11.051521807391898,4,100.0,0.8,0.8,100,101
25,120.44761904761894,3.945614546513621,3,100.0,0.8,0.8,100,101
29,127.03333333333325,8.956685895029645,2,100.0,0.8,0.8,100,101
34,137.8416666666666,6.800010212410597,2,100.0,0.8,0.8,100,101
46,129.02499999999995,7.200704055083042,2,100.0,0.8,0.8,100,101
51,126.63333333333328,8.535269962533937,3,100.0,0.8,0.8,100,101
59,133.33333333333331,15.98061325481599,2,100.0,0.8,0.8,100,101
63,121.39444444444437,8.944214972901833,3,100.0,0.8,0.8,100,101
64,113.62916666666658,5.7385695565668025,4,100.0,0.8,0.8,100,101
67,122.7249999999999,2.389226397346598,3,100.0,0.8,0.8,100,101
70,131.66666666666663,5.986837414046084,2,100.0,0.8,0.8,100,101
74,135.85833333333332,1.5438498055906316,2,100.0,0.8,0.8,100,101
77,140.49166666666665,3.8773021835062464,2,100.0,0.8,0.8,100,101
78,137.94166666666663,15.261721360609707,2,100.0,0.8,0.8,100,101
80,134.43333333333328,0.2592724864350728,2,100.0,0.8,0.8,100,101
87,118.7555555555555,8.267982646149955,3,100.0,0.8,0.8,100,101
88,152.71666666666664,8.933115668990025,2,100.0,0.8,0.8,100,101
96,133.04166666666663,7.412836089438994,2,100.0,0.8,0.8,100,101
5,69.12222222222223,12.699478700295499,3,100.0,0.9,0.9,100,101
11,70.50833333333334,7.530687219636715,2,100.0,0.9,0.9,100,101
16,72.06666666666668,7.188918942063227,2,100.0,0.9,0.9,100,101
18,75.63809523809525,2.7408805708849764,2,100.0,0.9,0.9,100,101
24,64.71666666666668,5.019047054305555,3,100.0,0.9,0.9,100,101
27,69.55833333333334,1.685271161827933,2,100.0,0.9,0.9,100,101
28,73.31666666666666,4.9968879203849434,2,100.0,0.9,0.9,100,101
32,63.89761904761905,9.55304204140742,3,100.0,0.9,0.9,100,101
34,67.70000000000002,4.077649104842413,2,100.0,0.9,0.9,100,101
38,77.13333333333335,5.3268710849386665,2,100.0,0.9,0.9,100,101
41,77.15833333333333,10.123412083987393,2,100.0,0.9,0.9,100,101
43,74.48750000000001,2.157990105699352,4,100.0,0.9,0.9,100,101
45,74.7388888888889,3.4707641382991907,3,100.0,0.9,0.9,100,101
48,72.05000000000001,1.7913371790059391,2,100.0,0.9,0.9,100,101
50,70.96111111111112,1.779246355228134,3,100.0,0.9,0.9,100,101
57,64.38333333333335,10.394469683442246,2,100.0,0.9,0.9,100,101
58,70.49166666666667,2.651650429449543,2,100.0,0.9,0.9,100,101
64,64.96111111111112,6.888422923309097,3,100.0,0.9,0.9,100,101
65,82.60476190476189,4.461507071772265,2,100.0,0.9,0.9,100,101
66,69.70833333333333,0.6481812160876619,2,100.0,0.9,0.9,100,101
69,67.75555555555557,4.73715612452748,3,100.0,0.9,0.9,100,101
72,78.28333333333333,7.353910524340078,2,100.0,0.9,0.9,100,101
76,66.43333333333335,1.1549410759380223,2,100.0,0.9,0.9,100,101
77,71.97500000000002,4.584408964692794,2,100.0,0.9,0.9,100,101
78,74.25000000000001,1.296362432175364,2,100.0,0.9,0.9,100,101
81,66.27222222222224,2.9046100012323905,3,100.0,0.9,0.9,100,101
88,76.06666666666666,6.599663291074441,2,100.0,0.9,0.9,100,101
99,71.66666666666669,3.3469720976163155,2,100.0,0.9,0.9,100,101
3,498.24999999999966,4.242640687119285,2,200.0,0.1,0.1,200,101
26,496.99999999999983,2.357022603955185,2,200.0,0.1,0.1,200,101
49,495.66666666666634,6.835365551470013,2,200.0,0.1,0.1,200,101
69,496.99999999999966,4.242640687119285,2,200.0,0.1,0.1,200,101
73,493.7499999999997,13.19932658214886,2,200.0,0.1,0.1,200,101
74,337.833333333332,6.300352723811652,3,200.0,0.1,0.1,200,101
83,499.83333333333314,1.0606601717798212,2,200.0,0.1,0.1,200,101
97,497.0999999999999,9.758073580374324,2,200.0,0.1,0.1,200,101
110,338.66666666666515,11.248147995707127,3,200.0,0.1,0.1,200,101
122,501.5416666666665,18.679404136344566,2,200.0,0.1,0.1,200,101
124,492.83333333333303,8.838834764831844,2,200.0,0.1,0.1,200,101
129,498.4166666666665,3.2998316455372354,2,200.0,0.1,0.1,200,101
134,498.5833333333331,2.946278254943921,2,200.0,0.1,0.1,200,101
138,494.9166666666663,7.188918942063246,2,200.0,0.1,0.1,200,101
141,499.6249999999997,5.833630944789017,2,200.0,0.1,0.1,200,101
144,496.9999999999997,5.303300858899107,2,200.0,0.1,0.1,200,101
172,497.5416666666663,13.258252147247726,2,200.0,0.1,0.1,200,101
183,492.58333333333303,10.606601717798133,2,200.0,0.1,0.1,200,101
193,338.38888888888755,5.244927002280988,3,200.0,0.1,0.1,200,101
4,465.49999999999966,9.781643806413893,2,200.0,0.2,0.2,200,101
6,475.91666666666623,2.1213203435596424,2,200.0,0.2,0.2,200,101
23,468.3333333333329,10.606601717798172,2,200.0,0.2,0.2,200,101
27,330.0833333333325,2.962731472438575,3,200.0,0.2,0.2,200,101
44,468.49999999999955,1.414213562373055,2,200.0,0.2,0.2,200,101
56,470.33333333333303,9.42809041582054,2,200.0,0.2,0.2,200,101
58,468.4166666666666,5.303300858899107,2,200.0,0.2,0.2,200,101
73,471.4166666666662,1.8856180831641804,2,200.0,0.2,0.2,200,101
81,472.0833333333331,15.909902576697238,2,200.0,0.2,0.2,200,101
85,474.58333333333275,19.79898987322333,2,200.0,0.2,0.2,200,101
103,462.8083333333328,8.921330555970199,2,200.0,0.2,0.2,200,101
109,464.4166666666662,6.363961030678888,2,200.0,0.2,0.2,200,101
114,468.49999999999955,6.481812160876699,2,200.0,0.2,0.2,200,101
130,478.49999999999966,6.363961030678928,2,200.0,0.2,0.2,200,101
132,474.8333333333329,5.656854249492381,2,200.0,0.2,0.2,200,101
145,474.083333333333,12.610070931160044,2,200.0,0.2,0.2,200,101
158,472.41666666666634,7.188918942063206,2,200.0,0.2,0.2,200,101
176,465.2499999999996,0.4714045207910853,2,200.0,0.2,0.2,200,101
187,471.86666666666633,4.478342947514788,2,200.0,0.2,0.2,200,101
4,427.4166666666664,2.5927248643506475,2,200.0,0.3,0.3,200,101
14,442.37499999999966,15.261721360609556,2,200.0,0.3,0.3,200,101
17,434.9166666666663,7.188918942063166,2,200.0,0.3,0.3,200,101
45,439.0833333333329,6.59966329107443,2,200.0,0.3,0.3,200,101
53,444.1999999999997,11.195857368786989,2,200.0,0.3,0.3,200,101
62,431.1666666666663,1.1785113019775524,2,200.0,0.3,0.3,200,101
92,443.233333333333,0.5892556509887762,2,200.0,0.3,0.3,200,101
114,435.62499999999966,23.275598214057123,2,200.0,0.3,0.3,200,101
115,317.69444444444406,8.247193686564074,3,200.0,0.3,0.3,200,101
126,317.38333333333287,9.219921064978946,3,200.0,0.3,0.3,200,101
131,439.7916666666663,8.662058069535126,2,200.0,0.3,0.3,200,101
139,451.6249999999999,10.429825022501577,2,200.0,0.3,0.3,200,101
160,322.2111111111108,12.569897168028453,3,200.0,0.3,0.3,200,101
171,439.99999999999966,1.4142135623730148,2,200.0,0.3,0.3,200,101
189,428.24999999999966,7.54247233265652,2,200.0,0.3,0.3,200,101
192,432.83333333333314,0.23570226039550243,2,200.0,0.3,0.3,200,101
193,320.0666666666664,4.284986710727327,3,200.0,0.3,0.3,200,101
198,433.08333333333303,3.8890872965260517,2,200.0,0.3,0.3,200,101
11,406.8333333333331,0.47140452079100487,2,200.0,0.4,0.4,200,101
19,394.5416666666663,13.61180553784096,2,200.0,0.4,0.4,200,101
40,391.90833333333296,2.6516504294495933,2,200.0,0.4,0.4,200,101
56,392.45833333333303,14.55461457942313,2,200.0,0.4,0.4,200,101
65,395.62499999999966,2.0623947784606966,2,200.0,0.4,0.4,200,101
77,397.08333333333303,15.08494466531296,2,200.0,0.4,0.4,200,101
98,236.59583333333396,12.210813172485096,4,200.0,0.4,0.4,200,101
132,383.5416666666666,20.447171089310974,2,200.0,0.4,0.4,200,101
142,393.03333333333285,5.185449728701335,2,200.0,0.4,0.4,200,101
143,392.6666666666664,10.842303978193756,2,200.0,0.4,0.4,200,101
146,399.9999999999998,26.870057685088767,2,200.0,0.4,0.4,200,101
158,396.4166666666664,4.478342947514788,2,200.0,0.4,0.4,200,101
168,384.90833333333296,23.15774708385923,2,200.0,0.4,0.4,200,101
172,379.08333333333326,26.870057685088806,2,200.0,0.4,0.4,200,101
176,392.9166666666664,8.838834764831924,2,200.0,0.4,0.4,200,101
182,388.0499999999999,19.70470896906513,2,200.0,0.4,0.4,200,101
10,340.2833333333332,7.188918942063206,2,200.0,0.5,0.5,200,101
46,336.5416666666665,16.204530402191647,2,200.0,0.5,0.5,200,101
50,355.7083333333332,6.658588856173296,2,200.0,0.5,0.5,200,101
52,362.3249999999997,10.783378413094809,2,200.0,0.5,0.5,200,101
66,349.20833333333314,29.403856984340507,2,200.0,0.5,0.5,200,101
93,347.70833333333326,5.3622264239979724,2,200.0,0.5,0.5,200,101
115,348.2749999999995,5.597928684393434,2,200.0,0.5,0.5,200,101
133,346.9916666666667,22.686342563068465,2,200.0,0.5,0.5,200,101
149,353.20833333333314,5.126524163602429,2,200.0,0.5,0.5,200,101
165,351.23333333333323,7.188918942063246,2,200.0,0.5,0.5,200,101
181,335.20833333333326,0.294627825494368,2,200.0,0.5,0.5,200,101
184,350.45833333333326,7.954951288348619,2,200.0,0.5,0.5,200,101
193,346.39999999999986,1.5320646925707861,2,200.0,0.5,0.5,200,101
196,349.0666666666665,21.56675682618942,2,200.0,0.5,0.5,200,101
199,344.57499999999993,7.1299933769642205,2,200.0,0.5,0.5,200,101
12,297.0416666666667,6.776439986371107,2,200.0,0.6,0.6,200,101
28,281.0833333333334,4.360491817317016,2,200.0,0.6,0.6,200,101
34,286.40833333333336,10.076271631908302,2,200.0,0.6,0.6,200,101
38,290.4583333333333,5.362226423997932,2,200.0,0.6,0.6,200,101
39,297.5333333333334,4.478342947514747,2,200.0,0.6,0.6,200,101
75,292.94999999999993,19.327585352432205,2,200.0,0.6,0.6,200,101
86,287.25,12.963624321753358,2,200.0,0.6,0.6,200,101
90,292.4,2.2391714737573336,2,200.0,0.6,0.6,200,101
115,242.6666666666669,5.929750791090978,3,200.0,0.6,0.6,200,101
122,277.7416666666667,13.72965666803873,2,200.0,0.6,0.6,200,101
129,241.15000000000023,9.957451146419697,3,200.0,0.6,0.6,200,101
135,287.95000000000005,2.239171473757414,2,200.0,0.6,0.6,200,101
136,280.08333333333326,0.5892556509887762,2,200.0,0.6,0.6,200,101
141,299.6666666666667,48.90821903206935,2,200.0,0.6,0.6,200,101
165,298.0916666666667,20.18789860287598,2,200.0,0.6,0.6,200,101
179,285.1166666666668,3.0641293851416123,2,200.0,0.6,0.6,200,101
186,299.75833333333344,18.537982780107342,2,200.0,0.6,0.6,200,101
5,238.7083333333334,0.2946278254944082,2,200.0,0.7,0.7,200,101
7,222.55833333333348,1.4495689014323903,2,200.0,0.7,0.7,200,101
9,231.62500000000006,4.183715122020439,2,200.0,0.7,0.7,200,101
18,216.90833333333342,20.21146882891551,2,200.0,0.7,0.7,200,101
60,233.87500000000009,1.2374368670764582,2,200.0,0.7,0.7,200,101
76,219.62500000000006,2.415948169054051,2,200.0,0.7,0.7,200,101
80,227.5000000000001,3.4176827757349866,2,200.0,0.7,0.7,200,101
96,226.05833333333342,9.7462884673546,2,200.0,0.7,0.7,200,101
97,223.86666666666667,5.539003119294649,2,200.0,0.7,0.7,200,101
107,224.2416666666668,19.38651091753121,2,200.0,0.7,0.7,200,101
120,234.5750000000001,1.1195857368786868,2,200.0,0.7,0.7,200,101
122,234.6250000000001,7.01214224676657,2,200.0,0.7,0.7,200,101
138,231.5000000000001,3.299831645537215,2,200.0,0.7,0.7,200,101
141,235.88333333333355,18.243354954612954,2,200.0,0.7,0.7,200,101
142,196.40000000000018,10.112217582926373,3,200.0,0.7,0.7,200,101
161,225.7083333333334,3.948012861624877,2,200.0,0.7,0.7,200,101
168,237.1250000000001,1.7088413878675233,2,200.0,0.7,0.7,200,101
175,234.05000000000013,2.569154638311077,2,200.0,0.7,0.7,200,101
185,232.10833333333346,18.443701875949163,2,200.0,0.7,0.7,200,101
187,195.18333333333345,5.88673178521934,3,200.0,0.7,0.7,200,101
193,217.70833333333343,0.7660323462853931,2,200.0,0.7,0.7,200,101
1,140.78888888888883,8.34534689601425,3,200.0,0.8,0.8,200,101
7,154.51666666666662,6.665770773136463,3,200.0,0.8,0.8,200,101
13,143.22777777777776,14.275399715490899,3,200.0,0.8,0.8,200,101
36,157.33333333333337,6.128258770283465,2,200.0,0.8,0.8,200,101
45,163.49999999999997,18.384776310850278,2,200.0,0.8,0.8,200,101
52,147.0111111111111,9.015300779682745,3,200.0,0.8,0.8,200,101
58,157.12500000000006,8.662058069535227,2,200.0,0.8,0.8,200,101
68,157.75833333333333,10.995510447450801,2,200.0,0.8,0.8,200,101
76,156.625,7.012142246766629,2,200.0,0.8,0.8,200,101
88,164.74166666666667,9.251313720524005,2,200.0,0.8,0.8,200,101
92,157.625,10.547676152699328,2,200.0,0.8,0.8,200,101
98,168.475,3.924442635585387,2,200.0,0.8,0.8,200,101
100,158.66666666666669,5.067598598503584,2,200.0,0.8,0.8,200,101
106,153.25,4.949747468305853,2,200.0,0.8,0.8,200,101
124,159.41666666666669,10.606601717798233,2,200.0,0.8,0.8,200,101
130,166.95000000000002,10.064486518888536,2,200.0,0.8,0.8,200,101
137,144.54166666666666,2.6516504294495933,2,200.0,0.8,0.8,200,101
147,159.1583333333333,12.079740845270194,2,200.0,0.8,0.8,200,101
151,147.93333333333334,1.31951169419263,3,200.0,0.8,0.8,200,101
154,158.79166666666669,14.554614579423111,2,200.0,0.8,0.8,200,101
181,146.47222222222223,9.765419905253752,3,200.0,0.8,0.8,200,101
185,143.01111111111106,9.376038214117594,3,200.0,0.8,0.8,200,101
198,164.65833333333336,9.251313720524005,2,200.0,0.8,0.8,200,101
4,80.375,0.17677669529662685,2,200.0,0.9,0.9,200,101
13,85.86666666666666,5.656854249492381,2,200.0,0.9,0.9,200,101
17,80.41666666666669,1.7677669529663789,2,200.0,0.9,0.9,200,101
19,90.68333333333334,0.32998316455371346,2,200.0,0.9,0.9,200,101
25,83.87777777777778,4.672506266963675,3,200.0,0.9,0.9,200,101
35,85.66666666666666,5.185449728701335,2,200.0,0.9,0.9,200,101
60,89.5,10.606601717798203,2,200.0,0.9,0.9,200,101
75,85.6,18.361206084810675,2,200.0,0.9,0.9,200,101
76,87.33333333333331,2.0034692133618712,2,200.0,0.9,0.9,200,101
103,85.125,1.4731391274719807,2,200.0,0.9,0.9,200,101
120,95.49999999999997,5.067598598503594,2,200.0,0.9,0.9,200,101
127,85.74999999999999,16.078151151312266,3,200.0,0.9,0.9,200,101
137,76.04166666666666,5.715779814591256,2,200.0,0.9,0.9,200,101
155,89.83333333333333,6.128258770283405,2,200.0,0.9,0.9,200,101
165,89.91666666666666,5.539003119294609,2,200.0,0.9,0.9,200,101
179,94.5,1.1785113019775826,2,200.0,0.9,0.9,200,101
180,76.77777777777779,1.5508360946897604,3,200.0,0.9,0.9,200,101
182,81.79166666666666,4.655119642811455,2,200.0,0.9,0.9,200,101
193,88.84999999999998,12.751492287397406,2,200.0,0.9,0.9,200,101
