value,m,s,n,n_arms,eps,f_eps,f_n_arms
1,38.132707270684165,0.4984815488451829,25,5.0,0.1,0.1,5
2,53.36022503042116,0.5620598608857371,17,5.0,0.1,0.1,5
3,53.31064520480961,0.6067803473116915,17,5.0,0.1,0.1,5
4,37.06712122117975,0.3389529707130483,26,5.0,0.1,0.1,5
5,55.83337513172278,0.5776413672204211,16,5.0,0.1,0.1,5
1,44.85755283598878,0.699906984338082,18,5.0,0.2,0.2,5
2,38.75765130115851,0.6218841380709885,22,5.0,0.2,0.2,5
3,48.59296739637885,0.7679698529488842,16,5.0,0.2,0.2,5
4,43.02190469492406,0.733032745056422,19,5.0,0.2,0.2,5
5,33.93978386214929,0.5194276935272294,26,5.0,0.2,0.2,5
1,35.408953773179086,0.8596030665051702,21,5.0,0.3,0.3,5
2,40.32598823388037,0.7068001119766084,17,5.0,0.3,0.3,5
3,39.112397538265085,1.0659397648823377,18,5.0,0.3,0.3,5
4,35.32258878722065,0.8177222299368289,21,5.0,0.3,0.3,5
5,32.484789468785046,0.6872546106315003,24,5.0,0.3,0.3,5
1,31.179851320308625,0.736767035014676,20,5.0,0.4,0.4,5
2,27.474248824879957,0.7991662153710917,26,5.0,0.4,0.4,5
3,29.219989212194776,0.7278398115294887,23,5.0,0.4,0.4,5
4,30.600865623112796,0.6012011452691968,21,5.0,0.4,0.4,5
5,40.267985421370824,1.3491202060069198,11,5.0,0.4,0.4,5
1,27.84444483495564,0.7003930485818333,17,5.0,0.5,0.5,5
2,24.928701954359752,0.6533517581116361,23,5.0,0.5,0.5,5
3,25.368763501632987,0.782942917409163,22,5.0,0.5,0.5,5
4,25.85957937344274,0.9951063223829653,21,5.0,0.5,0.5,5
5,27.649637826872997,0.8420217375349497,18,5.0,0.5,0.5,5
1,20.289908113015812,0.7489253372538506,24,5.0,0.6,0.6,5
2,21.25211093933014,0.7416973718732927,20,5.0,0.6,0.6,5
3,21.682044139039448,0.6435301587596475,18,5.0,0.6,0.6,5
4,19.791017334944378,0.773297381028425,26,5.0,0.6,0.6,5
5,23.280407830285338,0.8185455009778948,13,5.0,0.6,0.6,5
1,16.50383584531613,0.619845985347429,16,5.0,0.7,0.7,5
2,15.969059970553356,0.7794490033628954,22,5.0,0.7,0.7,5
3,16.18591174803383,1.0413051653387464,19,5.0,0.7,0.7,5
4,15.841691180157886,0.7766556619849223,22,5.0,0.7,0.7,5
5,15.927556559693501,0.6709439537837603,22,5.0,0.7,0.7,5
1,11.86360285442044,0.4674186567480537,18,5.0,0.8,0.8,5
2,11.852503668684324,0.3688567816230762,19,5.0,0.8,0.8,5
3,11.713192449902317,0.4390891482001276,19,5.0,0.8,0.8,5
4,11.923817202084392,0.40635619664503797,17,5.0,0.8,0.8,5
5,11.677790696143283,0.3287496394253488,28,5.0,0.8,0.8,5
1,12.886385015342047,0.46342103544118807,23,5.0,0.9,0.9,5
2,12.80776620252173,0.35658456721684334,19,5.0,0.9,0.9,5
3,12.998021664737234,0.417545169960445,26,5.0,0.9,0.9,5
4,12.83610051915698,0.3893882464848055,21,5.0,0.9,0.9,5
5,12.925742538357488,0.2943762554167206,12,5.0,0.9,0.9,5
1,92.27410759991682,0.9923711465330678,10,10.0,0.1,0.1,10
2,92.12069320385524,1.3015907522801227,10,10.0,0.1,0.1,10
3,142.8254192394865,1.7969703786639493,6,10.0,0.1,0.1,10
4,63.81549264776115,0.7167341435329659,15,10.0,0.1,0.1,10
5,72.68957555106711,0.8103869496246596,13,10.0,0.1,0.1,10
6,100.88005797760736,1.0170086359979538,9,10.0,0.1,0.1,10
7,101.2876257094398,1.257832740599624,9,10.0,0.1,0.1,10
8,91.92985005190923,1.218776371575578,10,10.0,0.1,0.1,10
9,112.34274232711759,1.5057526491073219,8,10.0,0.1,0.1,10
10,84.93329023136272,0.9619581767456359,11,10.0,0.1,0.1,10
1,121.36094229844271,2.527728084764173,6,10.0,0.2,0.2,10
2,89.10973188032052,0.7929224852330694,9,10.0,0.2,0.2,10
3,82.24380525906894,1.6660456362439546,10,10.0,0.2,0.2,10
4,63.156857124214575,0.6882105627130528,14,10.0,0.2,0.2,10
5,76.99619596832214,1.007458446276243,11,10.0,0.2,0.2,10
6,83.37708334750963,1.3903389177217866,10,10.0,0.2,0.2,10
7,89.44039697545927,1.6089529303436898,9,10.0,0.2,0.2,10
8,71.41487761965762,1.0128978364222796,12,10.0,0.2,0.2,10
9,98.98345399977593,1.3766895390397333,8,10.0,0.2,0.2,10
10,71.37398842306993,1.063009727058105,12,10.0,0.2,0.2,10
1,57.00196274129875,1.1122898135341899,14,10.0,0.3,0.3,10
2,101.09371382974359,3.1516653898513303,6,10.0,0.3,0.3,10
3,71.49507615922144,1.6294577416794405,10,10.0,0.3,0.3,10
4,64.54079427731767,1.1949669457629493,12,10.0,0.3,0.3,10
5,84.83094553472885,2.8391233271080853,8,10.0,0.3,0.3,10
6,72.6572535509731,1.9634834231876537,10,10.0,0.3,0.3,10
7,63.3392213153926,1.2165852508342492,12,10.0,0.3,0.3,10
8,84.52746390660026,1.8182835533435329,8,10.0,0.3,0.3,10
9,54.651431279743164,1.092879947948426,15,10.0,0.3,0.3,10
10,100.65453181078206,1.7921062858252526,6,10.0,0.3,0.3,10
1,70.9932498057502,2.0022724172035593,8,10.0,0.4,0.4,10
2,66.30803796784237,2.67452230146487,9,10.0,0.4,0.4,10
3,44.908945431291755,1.0584576154212895,17,10.0,0.4,0.4,10
4,71.03260473186978,2.440374168773871,8,10.0,0.4,0.4,10
5,74.83401728990002,1.4687122003774302,7,10.0,0.4,0.4,10
6,53.689906597200434,1.288044205072057,13,10.0,0.4,0.4,10
7,66.07329587623754,1.0643239144614545,9,10.0,0.4,0.4,10
8,62.55576173053001,1.397204677552759,10,10.0,0.4,0.4,10
9,77.01797045158436,1.405777708579679,7,10.0,0.4,0.4,10
10,53.38092747267594,1.3883570027273675,13,10.0,0.4,0.4,10
1,50.45835055467441,2.3386639133848344,11,10.0,0.5,0.5,10
2,43.02443940501373,1.090842297199866,15,10.0,0.5,0.5,10
3,60.60906953690607,1.8035602239273376,7,10.0,0.5,0.5,10
4,54.813155553597085,1.917489259834858,9,10.0,0.5,0.5,10
5,53.338053215704484,1.0524564553967404,10,10.0,0.5,0.5,10
6,52.452538686803685,1.5365402675753663,10,10.0,0.5,0.5,10
7,64.2912211154862,1.647500125474982,6,10.0,0.5,0.5,10
8,54.70588577134019,2.461939750824101,9,10.0,0.5,0.5,10
9,52.087182888920864,1.5084352852784595,10,10.0,0.5,0.5,10
10,44.5053390436658,1.7902671771356975,14,10.0,0.5,0.5,10
1,45.39214782358184,1.5145017011579276,8,10.0,0.6,0.6,10
2,39.72298716612778,2.1195950568490822,12,10.0,0.6,0.6,10
3,47.302707819111156,1.4707560930235022,7,10.0,0.6,0.6,10
4,42.48573858331228,1.7675829854795422,10,10.0,0.6,0.6,10
5,39.44030583458809,1.1920484541357241,12,10.0,0.6,0.6,10
6,41.90166923075221,1.729009551467352,10,10.0,0.6,0.6,10
7,47.337100679432865,1.7971899593245004,7,10.0,0.6,0.6,10
8,38.44819013975373,1.4244597980546851,13,10.0,0.6,0.6,10
9,42.626093615706786,1.8298738030035113,10,10.0,0.6,0.6,10
10,39.144822861463844,1.4304067728553813,12,10.0,0.6,0.6,10
1,32.34991036225558,2.085706001708195,9,10.0,0.7,0.7,10
2,32.99446633470111,1.1536007995738158,9,10.0,0.7,0.7,10
3,31.991133934435013,1.0711996412958342,10,10.0,0.7,0.7,10
4,30.0450521439477,1.7088849445624679,13,10.0,0.7,0.7,10
5,32.194647318434704,0.8195070589799709,9,10.0,0.7,0.7,10
6,31.807003802011522,1.390611379003827,10,10.0,0.7,0.7,10
7,31.288503529923787,1.410199490919128,10,10.0,0.7,0.7,10
8,32.5026178236753,1.8701915592508322,8,10.0,0.7,0.7,10
9,31.369345064979722,2.2697456597136076,10,10.0,0.7,0.7,10
10,30.028573980529796,1.5693919534960423,13,10.0,0.7,0.7,10
1,21.315383845846018,0.9720147707017069,7,10.0,0.8,0.8,10
2,20.650625162089934,1.7723518130065505,12,10.0,0.8,0.8,10
3,21.032347159562715,1.2531429409005377,12,10.0,0.8,0.8,10
4,20.909902895712992,1.4644966410077502,9,10.0,0.8,0.8,10
5,21.096679360003098,1.5167047320096183,14,10.0,0.8,0.8,10
6,22.664308838037023,2.006857850301496,7,10.0,0.8,0.8,10
7,22.596422318544015,0.7911364912406824,8,10.0,0.8,0.8,10
8,21.841286234327306,1.0305434312032264,11,10.0,0.8,0.8,10
9,20.99993559381522,1.5515280292925442,11,10.0,0.8,0.8,10
10,21.98349288138761,1.3705107986482463,10,10.0,0.8,0.8,10
1,12.649624320897534,0.47174226828514937,10,10.0,0.9,0.9,10
2,12.748495745310755,0.7040130524639365,10,10.0,0.9,0.9,10
3,12.68956669548774,0.8492824770972099,6,10.0,0.9,0.9,10
4,12.71839254193981,0.3829429761378301,13,10.0,0.9,0.9,10
5,12.559034149176778,0.5237672648226052,7,10.0,0.9,0.9,10
6,12.415723431814564,0.41871483017038924,7,10.0,0.9,0.9,10
7,12.66111985475199,0.3753465068812212,11,10.0,0.9,0.9,10
8,12.500660667734962,0.49375387743280047,15,10.0,0.9,0.9,10
9,12.606326406842394,0.4920931417554524,9,10.0,0.9,0.9,10
10,12.67844520592793,0.46530426095975597,13,10.0,0.9,0.9,10
1,293.7466931216932,1.694295388286733,3,20.0,0.1,0.1,20
2,295.25782828282826,3.002518289120544,3,20.0,0.1,0.1,20
3,291.2297619047621,2.9141246075829326,3,20.0,0.1,0.1,20
4,135.7010770975056,1.8408085411567914,7,20.0,0.1,0.1,20
5,226.2377976190469,5.021579601298457,4,20.0,0.1,0.1,20
6,185.47420634920513,2.0025319581749037,5,20.0,0.1,0.1,20
7,155.21210317460287,2.731346534132611,6,20.0,0.1,0.1,20
8,184.97904761904633,2.1132056644519617,5,20.0,0.1,0.1,20
9,135.71245104102223,1.1414460652897018,7,20.0,0.1,0.1,20
10,184.78976190476058,2.0205504298161454,5,20.0,0.1,0.1,20
11,416.74702380952243,7.878348053720026,2,20.0,0.1,0.1,20
12,156.97976190476143,1.9936833987829523,6,20.0,0.1,0.1,20
13,156.53318070818,2.3352077066777994,6,20.0,0.1,0.1,20
14,156.31355820105776,1.962017632634805,6,20.0,0.1,0.1,20
15,157.1323532948528,1.3651339973433534,6,20.0,0.1,0.1,20
16,135.81500206143042,1.7005488302694862,7,20.0,0.1,0.1,20
17,157.05480399230336,1.660514976700916,6,20.0,0.1,0.1,20
18,185.3182539682527,1.9800533181217248,5,20.0,0.1,0.1,20
19,155.41562049061994,2.2953017492395515,6,20.0,0.1,0.1,20
20,293.65753968253983,8.749367675024851,3,20.0,0.1,0.1,20
1,330.53343253968205,5.011619311659519,2,20.0,0.2,0.2,20
2,199.84255952380875,4.668783560186494,4,20.0,0.2,0.2,20
3,331.22301587301513,1.9484720192695806,2,20.0,0.2,0.2,20
4,199.7444444444439,6.226680869670768,4,20.0,0.2,0.2,20
5,248.37910052910098,5.865792699029736,3,20.0,0.2,0.2,20
6,125.68779633065385,2.1910759006842593,7,20.0,0.2,0.2,20
7,167.56103174603112,2.206603477554483,5,20.0,0.2,0.2,20
8,141.71098484848497,3.8447701711295146,6,20.0,0.2,0.2,20
9,196.9211309523805,4.547636330786576,4,20.0,0.2,0.2,20
10,202.32410714285646,3.0933673184990513,4,20.0,0.2,0.2,20
11,93.00303835053882,0.8541994486613025,10,20.0,0.2,0.2,20
12,252.51256613756638,8.169517800368327,3,20.0,0.2,0.2,20
13,92.10625929625968,1.5607142081821015,10,20.0,0.2,0.2,20
14,144.13114663114663,2.4212446973725696,6,20.0,0.2,0.2,20
15,125.34773242630409,2.8200634957731565,7,20.0,0.2,0.2,20
16,125.45477221191551,2.6127911021988903,7,20.0,0.2,0.2,20
17,200.12410714285636,3.3814779067032807,4,20.0,0.2,0.2,20
18,165.95865301365268,3.415458775400137,5,20.0,0.2,0.2,20
19,248.38624338624376,6.839710355315198,3,20.0,0.2,0.2,20
20,166.82047619047577,4.432359522990181,5,20.0,0.2,0.2,20
1,128.30615680615725,4.068447192723229,6,20.0,0.3,0.3,20
2,94.59705572205598,1.6454379223320583,9,20.0,0.3,0.3,20
3,128.23137926887975,4.145606567802566,6,20.0,0.3,0.3,20
4,206.0943121693122,4.535664800889214,3,20.0,0.3,0.3,20
5,94.14456037789397,1.04965184522735,9,20.0,0.3,0.3,20
6,128.93342953342994,3.2840079169663654,6,20.0,0.3,0.3,20
7,127.9230519480523,2.8062103696744782,6,20.0,0.3,0.3,20
8,148.50083694083685,4.835555606709673,5,20.0,0.3,0.3,20
9,208.4441919191916,7.730358560093265,3,20.0,0.3,0.3,20
10,206.2988095238093,0.5706742430762571,3,20.0,0.3,0.3,20
11,86.78333305583345,2.1855560573966075,10,20.0,0.3,0.3,20
12,167.45143398268354,4.142409838981498,4,20.0,0.3,0.3,20
13,148.79555555555558,4.977880695392338,5,20.0,0.3,0.3,20
14,206.47091149591125,3.1516510750609745,3,20.0,0.3,0.3,20
15,270.1793650793653,10.968011850404556,2,20.0,0.3,0.3,20
16,128.4673298923303,2.83031108478056,6,20.0,0.3,0.3,20
17,260.60376984127026,6.372659566479152,2,20.0,0.3,0.3,20
18,169.9806006493504,6.625859861512789,4,20.0,0.3,0.3,20
19,149.04682539682526,5.339058762496098,5,20.0,0.3,0.3,20
20,171.07897727272683,5.299267976840162,4,20.0,0.3,0.3,20
1,79.49774253524276,2.03814673107861,10,20.0,0.4,0.4,20
2,145.84362373737372,4.358178631009735,4,20.0,0.4,0.4,20
3,126.66817460317488,6.748948397269656,5,20.0,0.4,0.4,20
4,129.11304473304503,3.8344438310919204,5,20.0,0.4,0.4,20
5,142.47176226551235,5.448593799375055,4,20.0,0.4,0.4,20
6,126.02297258297278,3.544728850576227,5,20.0,0.4,0.4,20
7,128.1274381174385,3.3790185918128532,5,20.0,0.4,0.4,20
8,126.41033855033878,4.002653268776498,5,20.0,0.4,0.4,20
9,143.2796897546897,6.536224177375818,4,20.0,0.4,0.4,20
10,114.62665667665705,3.7200227284044067,6,20.0,0.4,0.4,20
11,175.50939153439143,3.4981403729866742,3,20.0,0.4,0.4,20
12,94.00435155122685,3.436652524121232,8,20.0,0.4,0.4,20
13,112.64268879268919,3.1422310383799106,6,20.0,0.4,0.4,20
14,143.67069805194814,3.2158912596431453,4,20.0,0.4,0.4,20
16,113.29129990380035,4.717921979656521,6,20.0,0.4,0.4,20
17,170.56296296296279,10.86510168708882,3,20.0,0.4,0.4,20
18,101.40862193362223,4.267066901587074,7,20.0,0.4,0.4,20
19,102.23290558647732,3.036590642732966,7,20.0,0.4,0.4,20
20,169.7644420394419,2.883418552572667,3,20.0,0.4,0.4,20
1,135.84844877344887,3.9600687805626347,3,20.0,0.5,0.5,20
2,75.61326944660301,1.752100921203843,9,20.0,0.5,0.5,20
3,71.37100066600104,2.3072381053453452,10,20.0,0.5,0.5,20
4,107.09687590187605,2.243946370714758,5,20.0,0.5,0.5,20
5,131.43664021164034,6.009136435462921,3,20.0,0.5,0.5,20
6,119.59216269841295,5.734008844968528,4,20.0,0.5,0.5,20
7,87.97214491857376,2.4667999062044244,7,20.0,0.5,0.5,20
8,121.46812146187162,3.541433253487774,4,20.0,0.5,0.5,20
9,119.00002705627716,1.3425981822594555,4,20.0,0.5,0.5,20
10,88.9159082980514,3.559037699799068,7,20.0,0.5,0.5,20
11,119.44874639249659,10.367074837972535,4,20.0,0.5,0.5,20
12,104.46626262626285,5.728894616097411,5,20.0,0.5,0.5,20
13,152.36865079365072,4.040610178208849,2,20.0,0.5,0.5,20
15,95.92079124579146,2.9984431750284086,6,20.0,0.5,0.5,20
16,87.61121933621962,2.616807884382415,7,20.0,0.5,0.5,20
17,96.73160173160198,2.806427314912505,6,20.0,0.5,0.5,20
18,129.26497715247723,9.979713526872361,3,20.0,0.5,0.5,20
19,108.28614718614749,2.9686268294166833,5,20.0,0.5,0.5,20
20,95.20888047138072,4.227288000021242,6,20.0,0.5,0.5,20
1,70.31075278887796,1.6294576078488352,8,20.0,0.6,0.6,20
3,79.85367965367985,4.217709656821442,6,20.0,0.6,0.6,20
4,92.3615974303476,7.825242051499287,4,20.0,0.6,0.6,20
5,79.34421874421892,2.8312960086559427,6,20.0,0.6,0.6,20
6,72.06966644466664,5.756144180920547,7,20.0,0.6,0.6,20
7,64.16674344174366,1.3748014289962787,9,20.0,0.6,0.6,20
8,113.07247474747473,2.848324068805551,2,20.0,0.6,0.6,20
10,73.75188224473956,5.0141096108182825,7,20.0,0.6,0.6,20
11,89.78066378066393,6.44727743875759,4,20.0,0.6,0.6,20
12,92.72674062049076,4.281982837326258,4,20.0,0.6,0.6,20
13,73.37644577644596,3.2819997085308454,7,20.0,0.6,0.6,20
14,78.97191558441577,2.9195757225151744,6,20.0,0.6,0.6,20
15,89.59387626262642,6.4541126614103295,4,20.0,0.6,0.6,20
16,98.6746512746514,1.505240355824076,3,20.0,0.6,0.6,20
17,78.21554232804249,3.1363907995296545,6,20.0,0.6,0.6,20
18,78.56326728826748,4.142988366963778,6,20.0,0.6,0.6,20
19,77.43933982683994,3.1692385617760257,6,20.0,0.6,0.6,20
20,92.96172438672457,4.274561628274977,4,20.0,0.6,0.6,20
1,57.93448337376918,3.7455366340341736,7,20.0,0.7,0.7,20
2,65.34634601509613,3.9481717566618504,4,20.0,0.7,0.7,20
3,65.28554279054293,4.319953926869286,5,20.0,0.7,0.7,20
4,60.89916611166624,3.5820373820995113,6,20.0,0.7,0.7,20
5,59.70648148148161,4.295902805040432,6,20.0,0.7,0.7,20
6,65.76110389610405,3.8075116108833416,5,20.0,0.7,0.7,20
7,76.39906204906214,2.3696240018594423,2,20.0,0.7,0.7,20
8,61.54312409812424,3.393899007009835,5,20.0,0.7,0.7,20
9,57.205374585731846,2.4068375706736918,7,20.0,0.7,0.7,20
10,62.36408369408381,4.646455914547181,5,20.0,0.7,0.7,20
11,64.11419635919648,2.948951437935401,5,20.0,0.7,0.7,20
12,68.95706168831181,4.648207548077847,4,20.0,0.7,0.7,20
13,77.62602813852826,3.476327742904844,2,20.0,0.7,0.7,20
14,69.65708874458886,3.0557050579356253,4,20.0,0.7,0.7,20
15,66.15073051948062,2.8543709134991104,4,20.0,0.7,0.7,20
16,67.1280753968255,3.6406816852342665,4,20.0,0.7,0.7,20
17,69.98452380952395,0.8094322492053273,4,20.0,0.7,0.7,20
18,51.76889468556147,2.9740467938176582,9,20.0,0.7,0.7,20
19,55.4471833721835,3.2929611767239324,8,20.0,0.7,0.7,20
20,63.53417970917984,1.8778152727237438,5,20.0,0.7,0.7,20
1,41.595176648748115,3.722726328393063,7,20.0,0.8,0.8,20
2,41.26607744107747,2.120858519779549,6,20.0,0.8,0.8,20
3,42.019170908456665,2.0682168033466883,7,20.0,0.8,0.8,20
4,43.462832167832204,2.652606508293452,5,20.0,0.8,0.8,20
5,41.28101620601624,3.10227872440083,6,20.0,0.8,0.8,20
6,41.66565841565846,2.5390172003547304,6,20.0,0.8,0.8,20
7,37.38659827826498,2.569783960612758,9,20.0,0.8,0.8,20
8,43.91417027417032,3.010551887845845,5,20.0,0.8,0.8,20
9,44.27761474636479,4.478665209554385,4,20.0,0.8,0.8,20
10,47.120297757797786,4.882335287520908,2,20.0,0.8,0.8,20
11,37.73616487678989,2.7393477563916506,8,20.0,0.8,0.8,20
12,44.70725478225481,2.262805100846354,3,20.0,0.8,0.8,20
15,40.56373580123584,3.557525663681471,6,20.0,0.8,0.8,20
16,41.77119408369413,3.49010263556593,4,20.0,0.8,0.8,20
17,41.87479964479967,2.07382031023131,5,20.0,0.8,0.8,20
18,37.31409265337839,2.6274565325887793,7,20.0,0.8,0.8,20
19,43.071160783660844,1.940363562583873,6,20.0,0.8,0.8,20
20,45.688516113516144,2.2966902299791863,3,20.0,0.8,0.8,20
1,22.006657925407914,1.4465154394777577,4,20.0,0.9,0.9,20
2,23.27992784992784,3.3948918182747128,5,20.0,0.9,0.9,20
3,21.177120102120096,2.928744502822294,3,20.0,0.9,0.9,20
4,23.304978354978342,0.4514414490664352,3,20.0,0.9,0.9,20
5,20.266294816294806,1.9698842491924773,6,20.0,0.9,0.9,20
6,23.14563492063491,0.7149635231997351,2,20.0,0.9,0.9,20
7,21.799738455988443,1.8136577648395154,4,20.0,0.9,0.9,20
8,23.882449494949483,1.6575554117759188,6,20.0,0.9,0.9,20
9,21.15243506493506,0.7446303769702909,2,20.0,0.9,0.9,20
10,21.74536266202932,1.2170159186182092,9,20.0,0.9,0.9,20
11,22.451180486180473,2.5775298429717903,5,20.0,0.9,0.9,20
12,21.35021537104869,2.585196289537773,9,20.0,0.9,0.9,20
13,22.803763828763813,0.9908189099409718,3,20.0,0.9,0.9,20
14,21.11517530088958,1.5929128513431718,7,20.0,0.9,0.9,20
15,20.37848124098123,1.23145407548604,4,20.0,0.9,0.9,20
16,22.450324675324666,1.0512204429648775,4,20.0,0.9,0.9,20
17,20.640196608946603,1.2227126965174842,4,20.0,0.9,0.9,20
18,23.502204277204267,2.4157843757637942,6,20.0,0.9,0.9,20
19,21.344149831649823,0.630788274677914,6,20.0,0.9,0.9,20
20,21.430787422454078,2.40847323284892,9,20.0,0.9,0.9,20
1,443.55833333333214,10.641957056857468,2,30.0,0.1,0.1,30
2,307.1753968253966,2.603582406113962,3,30.0,0.1,0.1,30
3,305.95396825396824,2.413903338430473,3,30.0,0.1,0.1,30
4,308.1305555555553,1.356832845405102,3,30.0,0.1,0.1,30
5,302.48095238095215,2.703748342956585,3,30.0,0.1,0.1,30
7,160.56984126984065,1.8852681049824418,6,30.0,0.1,0.1,30
8,234.68809523809483,2.1224112772103507,4,30.0,0.1,0.1,30
9,307.02777777777754,2.739745189557433,3,30.0,0.1,0.1,30
10,307.62222222222186,6.158425424059345,3,30.0,0.1,0.1,30
11,447.84285714285613,8.084587531566196,2,30.0,0.1,0.1,30
12,303.9888888888888,4.3928709080523936,3,30.0,0.1,0.1,30
13,234.54821428571412,2.9830811501110515,4,30.0,0.1,0.1,30
14,191.06761904761763,1.5580723889347634,5,30.0,0.1,0.1,30
15,306.20873015873013,4.0042326906242485,3,30.0,0.1,0.1,30
16,439.25476190476076,6.451507584540131,2,30.0,0.1,0.1,30
17,306.02460317460316,1.9247895507859902,3,30.0,0.1,0.1,30
18,235.69523809523773,3.0084449040560486,4,30.0,0.1,0.1,30
20,233.69345238095207,3.505643530740951,4,30.0,0.1,0.1,30
21,234.69771825396774,2.691983770450731,4,30.0,0.1,0.1,30
22,233.86904761904736,6.591001160392641,4,30.0,0.1,0.1,30
23,236.06944444444443,3.837509720065883,4,30.0,0.1,0.1,30
25,159.99451058200998,2.616999829744942,6,30.0,0.1,0.1,30
26,305.7563492063492,3.669625687082258,3,30.0,0.1,0.1,30
27,237.18630952380948,3.811870494972984,4,30.0,0.1,0.1,30
28,234.7108134920632,4.080316389177446,4,30.0,0.1,0.1,30
29,235.86577380952346,1.4986625982300072,4,30.0,0.1,0.1,30
30,159.9413359788354,2.8259693487244832,6,30.0,0.1,0.1,30
1,273.5707671957677,7.279407504052647,3,30.0,0.2,0.2,30
2,213.15486111111076,7.977304552318783,4,30.0,0.2,0.2,30
3,369.5440476190465,0.41247895569201876,2,30.0,0.2,0.2,30
4,132.12571119356855,1.7616467992140132,7,30.0,0.2,0.2,30
5,132.0376984126987,2.588431522019382,7,30.0,0.2,0.2,30
7,274.564682539683,7.413546727146358,3,30.0,0.2,0.2,30
8,215.30476190476156,3.9637748133534854,4,30.0,0.2,0.2,30
9,378.85119047618986,19.24508956129365,2,30.0,0.2,0.2,30
10,377.9970238095225,13.395464534549333,2,30.0,0.2,0.2,30
11,217.83749999999958,6.87809722029873,4,30.0,0.2,0.2,30
14,274.9210317460319,5.3211654794519925,3,30.0,0.2,0.2,30
15,274.58452380952417,5.176316558897096,3,30.0,0.2,0.2,30
16,215.64107142857125,4.797009246763028,4,30.0,0.2,0.2,30
17,178.75706349206263,4.627557866562936,5,30.0,0.2,0.2,30
18,215.46190476190475,4.475183524023983,4,30.0,0.2,0.2,30
19,217.052380952381,4.76987398636537,4,30.0,0.2,0.2,30
20,268.54563492063556,4.515697980399904,3,30.0,0.2,0.2,30
21,151.5604858104856,1.458506655647062,6,30.0,0.2,0.2,30
23,274.16904761904794,3.59664195234,3,30.0,0.2,0.2,30
24,275.35833333333375,3.0899781314124817,3,30.0,0.2,0.2,30
26,151.98154761904732,2.1455402184060532,6,30.0,0.2,0.2,30
27,378.8642857142849,13.182490706406407,2,30.0,0.2,0.2,30
28,215.74295634920622,4.340476013613583,4,30.0,0.2,0.2,30
29,131.35621005978177,3.4931171539400077,7,30.0,0.2,0.2,30
30,276.4460317460323,13.78306421056257,3,30.0,0.2,0.2,30
1,141.79907407407413,3.6723026899037765,6,30.0,0.3,0.3,30
2,239.78134920634972,2.8242595133842734,3,30.0,0.3,0.3,30
4,163.71476190476153,3.928650345928419,5,30.0,0.3,0.3,30
5,196.25823412698384,9.283861702858879,4,30.0,0.3,0.3,30
7,163.4802380952377,3.6834171201689294,5,30.0,0.3,0.3,30
8,310.3333333333332,2.4041630560342457,2,30.0,0.3,0.3,30
9,312.2607142857141,11.973674828092086,2,30.0,0.3,0.3,30
10,160.8019841269838,2.3547428123941674,5,30.0,0.3,0.3,30
11,311.51964285714234,6.952374887880509,2,30.0,0.3,0.3,30
12,194.67450396825384,6.125113136613854,4,30.0,0.3,0.3,30
14,162.9677777777776,1.3338826461994793,5,30.0,0.3,0.3,30
15,317.99404761904725,11.160502029727693,2,30.0,0.3,0.3,30
16,140.306746031746,2.938990874353958,6,30.0,0.3,0.3,30
17,240.74444444444487,7.52526696251665,3,30.0,0.3,0.3,30
18,163.08793650793632,4.743208075654499,5,30.0,0.3,0.3,30
19,237.5291005291007,13.945432273946048,3,30.0,0.3,0.3,30
20,161.54563492063477,4.979700652429303,5,30.0,0.3,0.3,30
21,140.47850529100532,3.9716623887295204,6,30.0,0.3,0.3,30
22,314.3892857142857,1.5371154552935138,2,30.0,0.3,0.3,30
23,197.8263888888886,5.229009842622288,4,30.0,0.3,0.3,30
24,162.92150793650788,1.4156269638595682,5,30.0,0.3,0.3,30
26,244.05436507936582,3.956441963695906,3,30.0,0.3,0.3,30
27,196.21408730158714,6.062524425719514,4,30.0,0.3,0.3,30
28,238.07182539682574,6.402259977783695,3,30.0,0.3,0.3,30
29,319.53869047619,13.115988997223068,2,30.0,0.3,0.3,30
30,239.28928571428602,5.1636720529381455,3,30.0,0.3,0.3,30
1,144.5623015873015,4.284120321968847,5,30.0,0.4,0.4,30
2,170.08998015873027,6.5772070561656495,4,30.0,0.4,0.4,30
4,170.39910714285676,5.521633343824568,4,30.0,0.4,0.4,30
5,199.76666666666682,1.056167324806732,3,30.0,0.4,0.4,30
6,205.47751322751327,2.350122030804049,3,30.0,0.4,0.4,30
7,170.1031746031745,8.652191965042741,4,30.0,0.4,0.4,30
8,257.5535714285718,4.119738794198625,2,30.0,0.4,0.4,30
9,127.25957792207817,4.105785539546062,6,30.0,0.4,0.4,30
10,201.74722222222226,8.692720709280401,3,30.0,0.4,0.4,30
11,208.55039682539683,5.688790138408306,3,30.0,0.4,0.4,30
13,194.9778138528139,10.798892598281004,3,30.0,0.4,0.4,30
14,209.86891534391543,6.837298516491103,3,30.0,0.4,0.4,30
15,170.04265873015868,6.319121593507307,4,30.0,0.4,0.4,30
16,174.20863095238076,5.784125980220655,4,30.0,0.4,0.4,30
17,205.4375661375661,5.484559057895644,3,30.0,0.4,0.4,30
18,171.2815476190475,6.3123542742783885,4,30.0,0.4,0.4,30
19,145.4922222222223,5.011481703983556,5,30.0,0.4,0.4,30
20,201.05119047619064,9.653329630712138,3,30.0,0.4,0.4,30
22,251.8767857142861,16.64142137771049,2,30.0,0.4,0.4,30
23,205.4338624338623,9.398190904288613,3,30.0,0.4,0.4,30
24,113.63175118532301,3.307209811782203,7,30.0,0.4,0.4,30
25,200.8297619047619,12.571557482654347,3,30.0,0.4,0.4,30
26,171.57797619047605,3.5067859819912335,4,30.0,0.4,0.4,30
27,170.87668650793643,2.804123201692865,4,30.0,0.4,0.4,30
28,146.81202020202034,7.461577487732805,5,30.0,0.4,0.4,30
30,201.66481481481503,11.257738305637254,3,30.0,0.4,0.4,30
1,191.16765873015885,2.5228559800191115,2,30.0,0.5,0.5,30
2,114.93379629629659,5.25546459663864,6,30.0,0.5,0.5,30
3,144.92857142857147,11.948523205405841,4,30.0,0.5,0.5,30
4,207.36924603174626,10.132110619787747,2,30.0,0.5,0.5,30
5,129.85613997114012,5.763358155990314,5,30.0,0.5,0.5,30
6,114.22707431457455,3.3116816865091607,6,30.0,0.5,0.5,30
8,145.90436507936502,5.439123197860166,4,30.0,0.5,0.5,30
9,166.42420634920637,0.7733231071925665,3,30.0,0.5,0.5,30
10,197.1210317460318,1.6785368115309156,2,30.0,0.5,0.5,30
11,128.76261904761918,4.628496405713401,5,30.0,0.5,0.5,30
12,145.37152777777786,7.674625316464001,4,30.0,0.5,0.5,30
13,196.77876984127008,3.821463195626841,2,30.0,0.5,0.5,30
14,142.25178571428566,4.810283791257135,4,30.0,0.5,0.5,30
15,167.78253968253964,3.3848113317174455,3,30.0,0.5,0.5,30
16,114.24751683501702,4.957223102389211,6,30.0,0.5,0.5,30
17,129.61650793650804,3.9927369990253583,5,30.0,0.5,0.5,30
18,126.944285714286,3.9532922170149813,5,30.0,0.5,0.5,30
19,165.8370370370369,2.962254311632651,3,30.0,0.5,0.5,30
20,169.47698412698404,9.151803994045425,3,30.0,0.5,0.5,30
22,144.94791666666652,2.3921649646648526,4,30.0,0.5,0.5,30
24,143.42867063492054,2.627225215823003,4,30.0,0.5,0.5,30
25,197.44523809523838,0.5471659616323834,2,30.0,0.5,0.5,30
26,126.10367965367978,3.911481283304627,5,30.0,0.5,0.5,30
27,167.65158730158726,13.243841321739142,3,30.0,0.5,0.5,30
28,143.91230158730156,2.3820258382617148,4,30.0,0.5,0.5,30
30,197.34464285714284,2.2989388326434543,2,30.0,0.5,0.5,30
1,135.6104497354496,3.399658372427297,3,30.0,0.6,0.6,30
2,105.4409706959708,2.617674763443779,5,30.0,0.6,0.6,30
3,106.92968253968269,4.816752005602093,5,30.0,0.6,0.6,30
4,106.91904761904775,7.148934291982678,5,30.0,0.6,0.6,30
5,145.35396825396825,5.279730632859496,2,30.0,0.6,0.6,30
6,98.21239177489196,2.8922399296208163,6,30.0,0.6,0.6,30
7,117.95926226551235,5.157517891496273,4,30.0,0.6,0.6,30
8,115.92271825396833,4.2592493596659375,4,30.0,0.6,0.6,30
9,127.5015873015873,7.652931753125057,3,30.0,0.6,0.6,30
11,116.47331349206357,3.4351184669622667,4,30.0,0.6,0.6,30
12,108.21090909090924,6.109275914917019,5,30.0,0.6,0.6,30
13,118.18492965367979,5.3882152052814805,4,30.0,0.6,0.6,30
14,96.08313492063502,4.947073199579788,6,30.0,0.6,0.6,30
15,134.14100529100534,10.186104744443998,3,30.0,0.6,0.6,30
16,144.8970238095239,1.9066629278422662,2,30.0,0.6,0.6,30
17,146.60678210678205,5.104637525137209,2,30.0,0.6,0.6,30
18,148.7882936507936,11.078286836518336,2,30.0,0.6,0.6,30
20,130.6755651755652,11.40666757292677,3,30.0,0.6,0.6,30
21,151.93412698412703,11.227284336839729,2,30.0,0.6,0.6,30
22,106.96552669552682,3.774483389753627,5,30.0,0.6,0.6,30
23,154.26428571428568,4.964899756474156,2,30.0,0.6,0.6,30
24,143.85634920634908,10.461251990554317,2,30.0,0.6,0.6,30
25,104.27563492063501,4.6984940536178295,5,30.0,0.6,0.6,30
26,82.8427985209237,2.6155408340729998,8,30.0,0.6,0.6,30
27,148.79642857142858,1.4714555398977514,2,30.0,0.6,0.6,30
30,117.66329365079375,1.3397408985445554,4,30.0,0.6,0.6,30
1,90.45784632034633,4.0506723096889905,4,30.0,0.7,0.7,30
2,98.77328042328048,1.7186103104476296,3,30.0,0.7,0.7,30
4,98.91468253968256,5.398779393579542,3,30.0,0.7,0.7,30
5,90.84685245310256,4.934330818207881,4,30.0,0.7,0.7,30
7,96.7677248677249,1.8167003130111437,3,30.0,0.7,0.7,30
8,87.1687860750362,5.289977916541761,4,30.0,0.7,0.7,30
9,89.79325396825408,4.519062265927767,4,30.0,0.7,0.7,30
11,96.99801587301593,7.135227417614906,3,30.0,0.7,0.7,30
12,82.1998412698414,5.9863997765418615,5,30.0,0.7,0.7,30
13,104.44960317460324,8.428039396713974,2,30.0,0.7,0.7,30
14,87.38363095238107,8.53943235269489,4,30.0,0.7,0.7,30
15,96.71973304473308,3.0340139641230817,3,30.0,0.7,0.7,30
16,89.56519660894668,2.1030371588550483,4,30.0,0.7,0.7,30
17,109.53317099567101,8.189811754957027,2,30.0,0.7,0.7,30
18,97.09682539682542,2.5586308273681273,3,30.0,0.7,0.7,30
19,73.5615543186973,6.333632449221932,7,30.0,0.7,0.7,30
20,87.81014610389619,1.8619637943314675,4,30.0,0.7,0.7,30
21,106.49503968253973,7.444543655420772,2,30.0,0.7,0.7,30
22,68.26869519369534,2.8950031134267227,8,30.0,0.7,0.7,30
23,84.15492063492076,3.85373693851599,5,30.0,0.7,0.7,30
24,85.23920634920648,5.9419661956370105,5,30.0,0.7,0.7,30
25,112.27599206349205,15.19353606385234,2,30.0,0.7,0.7,30
27,91.54831349206361,2.859455695555093,4,30.0,0.7,0.7,30
28,87.84494047619056,3.993315680508037,4,30.0,0.7,0.7,30
29,95.54894179894191,4.155507057337992,3,30.0,0.7,0.7,30
30,102.53154761904761,5.149813791712881,2,30.0,0.7,0.7,30
1,62.24470899470909,1.5126456509339212,3,30.0,0.8,0.8,30
2,63.89537037037046,7.1947911530696755,3,30.0,0.8,0.8,30
3,58.92515873015879,2.3453943962633907,5,30.0,0.8,0.8,30
4,61.462400793650886,5.201508068855754,4,30.0,0.8,0.8,30
5,55.113780663780716,5.253617849450985,6,30.0,0.8,0.8,30
6,55.06990740740747,2.4374494512097087,6,30.0,0.8,0.8,30
7,61.60476190476198,2.707867655761394,3,30.0,0.8,0.8,30
8,59.51329365079372,2.735899251670921,4,30.0,0.8,0.8,30
10,59.91112012987019,7.02917505461185,4,30.0,0.8,0.8,30
11,58.0037157287158,2.9235717150300538,3,30.0,0.8,0.8,30
12,62.22751322751331,3.579701096688245,3,30.0,0.8,0.8,30
13,61.13783068783074,2.6437508717331033,3,30.0,0.8,0.8,30
14,65.11785714285722,3.9137677767461367,4,30.0,0.8,0.8,30
15,63.00899470899476,3.7280482321717643,3,30.0,0.8,0.8,30
16,56.13531746031753,1.360132193060087,4,30.0,0.8,0.8,30
17,53.60867604617609,4.208319727513552,6,30.0,0.8,0.8,30
18,67.69484126984136,3.785827258638397,2,30.0,0.8,0.8,30
19,55.39182539682544,2.814800521853776,5,30.0,0.8,0.8,30
20,71.38234126984136,5.899571458113968,2,30.0,0.8,0.8,30
21,62.317081529581614,6.549742368607565,2,30.0,0.8,0.8,30
22,62.851605339105426,4.2807764965663795,2,30.0,0.8,0.8,30
23,64.74550264550274,1.6549636516910355,3,30.0,0.8,0.8,30
24,62.36987734487742,4.452941208887467,3,30.0,0.8,0.8,30
25,70.42301587301593,2.5691546383111175,2,30.0,0.8,0.8,30
26,58.60041847041857,3.2970811472583925,5,30.0,0.8,0.8,30
27,63.822249278499385,4.842185254406971,4,30.0,0.8,0.8,30
29,56.620259740259804,3.2553106217951417,5,30.0,0.8,0.8,30
30,77.18115079365083,1.0542064194118324,2,30.0,0.8,0.8,30
1,31.609391534391523,0.5990058443752466,3,30.0,0.9,0.9,30
2,29.98015873015872,3.371325568536101,5,30.0,0.9,0.9,30
3,32.59126984126982,0.904086527374226,2,30.0,0.9,0.9,30
4,31.10848965848964,1.6228829545726442,3,30.0,0.9,0.9,30
5,30.825079365079347,2.7606919174938165,5,30.0,0.9,0.9,30
6,30.815079365079352,1.4181835172276456,3,30.0,0.9,0.9,30
7,30.521371882086154,3.4911929337286915,7,30.0,0.9,0.9,30
8,28.81289682539681,2.9746186457772166,2,30.0,0.9,0.9,30
10,32.24940476190474,1.611469077572847,4,30.0,0.9,0.9,30
11,31.173989898989888,3.2840279431149653,7,30.0,0.9,0.9,30
12,30.56785714285713,7.542472332656508,2,30.0,0.9,0.9,30
13,28.85547438672437,2.2095777760096365,4,30.0,0.9,0.9,30
14,31.442081529581515,1.1711902469198439,2,30.0,0.9,0.9,30
15,33.451785714285705,5.224452840838245,2,30.0,0.9,0.9,30
19,29.151904761904746,2.056351511335262,5,30.0,0.9,0.9,30
20,32.86428571428571,6.152916735479327,3,30.0,0.9,0.9,30
21,28.64689153439152,2.886943510531062,6,30.0,0.9,0.9,30
22,30.543730158730142,2.5582350545308143,5,30.0,0.9,0.9,30
24,31.601984126984114,4.748647053742568,4,30.0,0.9,0.9,30
26,27.982341269841253,1.8589597975003682,6,30.0,0.9,0.9,30
27,30.965079365079358,5.14204939889342,6,30.0,0.9,0.9,30
28,31.77480158730157,0.7409248755452934,4,30.0,0.9,0.9,30
29,30.776058201058184,2.6323175829445016,3,30.0,0.9,0.9,30
30,31.554861111111094,2.998987195975515,4,30.0,0.9,0.9,30
1,239.71488095238092,2.9879503379779706,4,40.0,0.1,0.1,40
2,314.980952380952,1.832168770508861,3,40.0,0.1,0.1,40
3,311.6873015873013,3.346487932367398,3,40.0,0.1,0.1,40
4,454.4666666666657,10.512320813639972,2,40.0,0.1,0.1,40
5,450.2180555555544,2.2254221752343413,2,40.0,0.1,0.1,40
7,313.3920634920634,3.6895270156749125,3,40.0,0.1,0.1,40
8,316.5730158730155,2.939062059547451,3,40.0,0.1,0.1,40
9,316.2976190476186,6.114147101974039,3,40.0,0.1,0.1,40
11,238.70119047619036,1.8260207698303705,4,40.0,0.1,0.1,40
12,315.2198412698409,1.4776209147304828,3,40.0,0.1,0.1,40
13,314.57222222222174,3.9991781563120923,3,40.0,0.1,0.1,40
14,450.6499999999989,3.700525488209529,2,40.0,0.1,0.1,40
16,454.05476190476094,11.53257488363769,2,40.0,0.1,0.1,40
17,238.68333333333345,1.6348915469750298,4,40.0,0.1,0.1,40
18,451.82499999999914,4.914392129246497,2,40.0,0.1,0.1,40
19,238.5863095238096,1.8740181354601253,4,40.0,0.1,0.1,40
20,454.96666666666584,4.73761543394982,2,40.0,0.1,0.1,40
22,456.82499999999874,6.305035465580103,2,40.0,0.1,0.1,40
23,460.0583333333321,4.537268512613653,2,40.0,0.1,0.1,40
24,238.44523809523793,4.474773078526875,4,40.0,0.1,0.1,40
26,311.6222222222217,5.756212424978531,3,40.0,0.1,0.1,40
27,314.819841269841,3.3912572111843997,3,40.0,0.1,0.1,40
28,457.49999999999886,0.44783429475139436,2,40.0,0.1,0.1,40
29,163.20555555555498,2.3912746484760166,6,40.0,0.1,0.1,40
30,194.1795238095223,2.4720401344442746,5,40.0,0.1,0.1,40
32,314.11111111111074,5.579534362623952,3,40.0,0.1,0.1,40
34,457.6333333333322,7.188918942063246,2,40.0,0.1,0.1,40
36,451.55833333333203,0.8838834764831844,2,40.0,0.1,0.1,40
37,240.53571428571428,4.19642705167149,4,40.0,0.1,0.1,40
38,311.96666666666647,4.50317789023586,3,40.0,0.1,0.1,40
39,455.9249999999988,3.453038114794342,2,40.0,0.1,0.1,40
40,315.0888888888884,6.477446627708491,3,40.0,0.1,0.1,40
1,226.0878968253969,4.11278971139162,4,40.0,0.2,0.2,40
2,397.9749999999993,4.18371512202046,2,40.0,0.2,0.2,40
3,184.46809523809443,3.457951827166199,5,40.0,0.2,0.2,40
4,288.49444444444475,7.606801293968544,3,40.0,0.2,0.2,40
5,224.17738095238087,2.9652462267382123,4,40.0,0.2,0.2,40
6,396.92499999999893,7.106423150924731,2,40.0,0.2,0.2,40
7,183.12222222222135,2.6030326707096942,5,40.0,0.2,0.2,40
9,183.4914285714278,3.83167688257062,5,40.0,0.2,0.2,40
10,289.1500000000002,12.841025833025663,3,40.0,0.2,0.2,40
11,402.66666666666566,0.35355339059319335,2,40.0,0.2,0.2,40
12,225.29851190476188,5.139189368092108,4,40.0,0.2,0.2,40
14,404.84999999999866,10.347329231362979,2,40.0,0.2,0.2,40
15,290.4976190476191,5.287265430916079,3,40.0,0.2,0.2,40
16,284.50238095238126,11.026798165277732,3,40.0,0.2,0.2,40
17,225.26011904761913,6.189931714456138,4,40.0,0.2,0.2,40
18,406.69761904761805,6.0979541939466975,2,40.0,0.2,0.2,40
19,225.4190476190478,6.359205420114115,4,40.0,0.2,0.2,40
21,286.1055555555557,7.289744191010256,3,40.0,0.2,0.2,40
22,402.7333333333322,4.266210913158855,2,40.0,0.2,0.2,40
23,284.8357142857144,9.419365394995571,3,40.0,0.2,0.2,40
24,289.26428571428585,7.094678389556888,3,40.0,0.2,0.2,40
25,286.7825396825398,5.319574265894719,3,40.0,0.2,0.2,40
26,226.5797619047617,2.809525827279339,4,40.0,0.2,0.2,40
27,397.51666666666534,8.980256121069026,2,40.0,0.2,0.2,40
28,393.3416666666657,10.92479976933195,2,40.0,0.2,0.2,40
29,224.01726190476174,5.195548480900225,4,40.0,0.2,0.2,40
30,225.67976190476193,6.311467355647626,4,40.0,0.2,0.2,40
32,403.7916666666658,7.436406315478594,2,40.0,0.2,0.2,40
33,404.908333333332,1.520279579551061,2,40.0,0.2,0.2,40
34,399.2916666666658,8.779909199732938,2,40.0,0.2,0.2,40
37,226.32261904761907,3.5720368529610114,4,40.0,0.2,0.2,40
38,394.54999999999916,15.414927829866704,2,40.0,0.2,0.2,40
2,344.3583333333328,2.1331054565793672,2,40.0,0.3,0.3,40
3,259.23492063492125,4.635241821334821,3,40.0,0.3,0.3,40
4,173.88134920634883,4.2011968856634585,5,40.0,0.3,0.3,40
5,257.16746031746106,5.066264603930248,3,40.0,0.3,0.3,40
6,334.9190476190472,6.434671708797598,2,40.0,0.3,0.3,40
7,205.47738095238097,9.582879807862776,4,40.0,0.3,0.3,40
8,208.12976190476186,4.269704591545799,4,40.0,0.3,0.3,40
9,147.83022486772467,3.933179207498363,6,40.0,0.3,0.3,40
10,328.81369047619023,2.4689811776429935,2,40.0,0.3,0.3,40
11,171.0278571428568,5.293970426263238,5,40.0,0.3,0.3,40
12,258.6813492063495,9.342054457209976,3,40.0,0.3,0.3,40
13,345.6130952380946,6.8639865402320295,2,40.0,0.3,0.3,40
15,261.0170634920639,6.570776940316234,3,40.0,0.3,0.3,40
16,262.45555555555615,5.828768054832575,3,40.0,0.3,0.3,40
17,255.6801587301593,5.464032224296275,3,40.0,0.3,0.3,40
18,345.8630952380945,3.163461052022581,2,40.0,0.3,0.3,40
19,259.1880952380959,9.489394665156857,3,40.0,0.3,0.3,40
20,260.67063492063556,11.007539503718322,3,40.0,0.3,0.3,40
21,260.2253968253974,6.275942229596603,3,40.0,0.3,0.3,40
24,348.7333333333329,5.939696961966943,2,40.0,0.3,0.3,40
27,355.266666666666,2.2391714737573736,2,40.0,0.3,0.3,40
28,207.54464285714252,9.964726029034123,4,40.0,0.3,0.3,40
29,257.43809523809597,2.7505297366505834,3,40.0,0.3,0.3,40
31,339.83095238095166,6.922912105331257,2,40.0,0.3,0.3,40
32,204.927489177489,8.369002525364277,4,40.0,0.3,0.3,40
34,257.79960317460376,5.693669323939573,3,40.0,0.3,0.3,40
35,337.15119047619015,18.137288937434604,2,40.0,0.3,0.3,40
36,257.33201058201126,5.030969929965058,3,40.0,0.3,0.3,40
37,339.21666666666624,8.108157757605525,2,40.0,0.3,0.3,40
38,349.58452380952326,34.00005106205275,2,40.0,0.3,0.3,40
39,258.2849206349213,0.08947862757177003,3,40.0,0.3,0.3,40
40,346.1190476190475,33.493291202202485,2,40.0,0.3,0.3,40
1,137.9415343915345,4.6403481327169684,6,40.0,0.4,0.4,40
2,231.15674603174656,7.444071258456776,3,40.0,0.4,0.4,40
3,156.45436507936498,2.665020883506125,5,40.0,0.4,0.4,40
5,294.67261904761915,9.493750331216361,2,40.0,0.4,0.4,40
6,226.7702380952387,11.158953829409606,3,40.0,0.4,0.4,40
7,286.4464285714287,7.066017049142627,2,40.0,0.4,0.4,40
8,190.20992063492065,6.0762281060685694,4,40.0,0.4,0.4,40
9,224.06917989418034,7.258384266059202,3,40.0,0.4,0.4,40
11,227.36309523809553,8.917784197882423,3,40.0,0.4,0.4,40
12,291.39166666666677,3.33518698459641,2,40.0,0.4,0.4,40
13,226.78769841269892,8.764244101961184,3,40.0,0.4,0.4,40
14,186.61934523809518,9.253751275822827,4,40.0,0.4,0.4,40
15,184.7460497835498,6.832049200497948,4,40.0,0.4,0.4,40
17,288.967261904762,3.8293199376399913,2,40.0,0.4,0.4,40
18,284.2595238095239,2.3570226039551048,2,40.0,0.4,0.4,40
19,287.87738095238115,0.13973776866291152,2,40.0,0.4,0.4,40
20,186.21428571428558,8.968235250717964,4,40.0,0.4,0.4,40
24,136.21626984126985,3.04764615356654,6,40.0,0.4,0.4,40
25,187.57410714285697,7.629313481672202,4,40.0,0.4,0.4,40
27,225.48293650793693,1.7030494580423434,3,40.0,0.4,0.4,40
29,183.93482142857135,11.063542052632995,4,40.0,0.4,0.4,40
31,289.0666666666665,7.954951288348458,2,40.0,0.4,0.4,40
32,158.81087301587291,2.9920832095893903,5,40.0,0.4,0.4,40
33,224.03253968254,9.142336398033907,3,40.0,0.4,0.4,40
34,187.30257936507937,5.936344628409101,4,40.0,0.4,0.4,40
35,284.7726190476193,6.981837670429841,2,40.0,0.4,0.4,40
36,284.00833333333344,5.692209588551554,2,40.0,0.4,0.4,40
38,228.12976190476218,3.441051195976829,3,40.0,0.4,0.4,40
1,141.40690476190474,5.744751585285812,5,40.0,0.5,0.5,40
2,232.15238095238152,7.872455497210365,2,40.0,0.5,0.5,40
3,224.9880952380955,4.6079791907323235,2,40.0,0.5,0.5,40
4,165.1791666666666,6.579392926492466,4,40.0,0.5,0.5,40
7,141.84404761904756,2.7661491145699375,5,40.0,0.5,0.5,40
8,161.27113095238101,6.005085113260062,4,40.0,0.5,0.5,40
9,124.93597883597904,3.8066913301461685,6,40.0,0.5,0.5,40
10,162.67916666666667,2.9523806945866973,4,40.0,0.5,0.5,40
11,229.771428571429,0.6128258770283265,2,40.0,0.5,0.5,40
13,186.7718253968255,5.3836015041003185,3,40.0,0.5,0.5,40
14,235.16785714285743,0.7138411314835246,2,40.0,0.5,0.5,40
16,193.74444444444464,1.0244580817681375,3,40.0,0.5,0.5,40
17,191.31865079365093,10.108571701496388,3,40.0,0.5,0.5,40
20,228.79761904761935,6.629967867411038,2,40.0,0.5,0.5,40
25,227.75535714285752,13.511632077173017,2,40.0,0.5,0.5,40
26,123.83558201058221,5.9415151495029175,6,40.0,0.5,0.5,40
27,226.23690476190507,2.6752206554891034,2,40.0,0.5,0.5,40
28,195.0484126984128,9.41792345575412,3,40.0,0.5,0.5,40
29,111.11128633271515,3.033185645390914,7,40.0,0.5,0.5,40
30,194.7539682539684,10.102353269025265,3,40.0,0.5,0.5,40
31,225.3130952380955,9.40620377735538,2,40.0,0.5,0.5,40
32,232.18809523809563,7.919595949289384,2,40.0,0.5,0.5,40
33,190.43134920634938,5.496534330352761,3,40.0,0.5,0.5,40
34,196.1936507936509,5.111328805873697,3,40.0,0.5,0.5,40
35,226.54404761904772,0.978164380641325,2,40.0,0.5,0.5,40
36,191.0939153439155,0.6369057920840698,3,40.0,0.5,0.5,40
38,158.2940476190477,4.81003140492885,4,40.0,0.5,0.5,40
39,187.19880952380962,0.8037468944231221,3,40.0,0.5,0.5,40
1,135.66388888888886,4.426312527193892,4,40.0,0.6,0.6,40
2,155.51812169312157,3.8614295031234933,3,40.0,0.6,0.6,40
3,156.54801587301583,3.080582826637928,3,40.0,0.6,0.6,40
4,177.05000000000015,8.22095812508077,2,40.0,0.6,0.6,40
7,153.9257936507936,10.03444580000443,3,40.0,0.6,0.6,40
8,162.02916666666664,6.65943064996041,2,40.0,0.6,0.6,40
9,133.4438852813853,8.17032222433319,4,40.0,0.6,0.6,40
10,122.1749494949496,6.732809219409907,5,40.0,0.6,0.6,40
11,172.03412698412706,17.53063621484572,2,40.0,0.6,0.6,40
12,177.80238095238096,1.1078006238590423,2,40.0,0.6,0.6,40
13,153.9174603174603,12.231679421955318,3,40.0,0.6,0.6,40
16,177.3936507936508,7.621039752788482,2,40.0,0.6,0.6,40
17,155.52619047619046,2.7332092361630393,3,40.0,0.6,0.6,40
18,177.5162698412699,9.909035266199085,2,40.0,0.6,0.6,40
19,148.3071428571428,12.751670725537007,3,40.0,0.6,0.6,40
20,173.48095238095243,0.8434773747011012,2,40.0,0.6,0.6,40
21,150.59973544973542,5.682231377052231,3,40.0,0.6,0.6,40
23,152.62420634920636,1.0202661087817353,3,40.0,0.6,0.6,40
24,136.638988095238,7.362040375285917,4,40.0,0.6,0.6,40
25,109.91554232804242,3.135649638129724,6,40.0,0.6,0.6,40
27,151.83280423280422,5.467982610317998,3,40.0,0.6,0.6,40
28,147.9949735449735,4.642042737101344,3,40.0,0.6,0.6,40
29,147.12658730158728,5.32861735231355,3,40.0,0.6,0.6,40
30,172.31904761904764,7.592979959884099,2,40.0,0.6,0.6,40
32,151.2289682539682,12.6374515579015,3,40.0,0.6,0.6,40
34,179.5160714285716,3.684531406254191,2,40.0,0.6,0.6,40
35,131.95029761904763,6.8081994060466595,4,40.0,0.6,0.6,40
36,136.13412698412696,7.624317325809513,4,40.0,0.6,0.6,40
37,149.0630952380952,3.2994287624875263,3,40.0,0.6,0.6,40
38,173.29047619047623,9.630120924731056,2,40.0,0.6,0.6,40
39,187.95297619047636,0.7668741400725277,2,40.0,0.6,0.6,40
40,156.9210317460317,5.191111572804138,3,40.0,0.6,0.6,40
1,130.03095238095227,13.761644831949667,2,40.0,0.7,0.7,40
2,113.64814814814807,3.0212871549884217,3,40.0,0.7,0.7,40
3,115.86150793650793,6.391279216158226,3,40.0,0.7,0.7,40
4,124.94960317460311,2.7852150436736145,2,40.0,0.7,0.7,40
5,103.88472222222221,6.389073500405512,4,40.0,0.7,0.7,40
6,95.81785714285719,2.221035450535857,5,40.0,0.7,0.7,40
7,106.12113095238095,9.264145196388379,4,40.0,0.7,0.7,40
8,107.27708333333337,8.6452801976496,4,40.0,0.7,0.7,40
9,114.09748677248673,1.900595821519785,3,40.0,0.7,0.7,40
10,115.8365079365079,6.311136062356847,3,40.0,0.7,0.7,40
11,126.0714285714285,3.065812972715962,2,40.0,0.7,0.7,40
14,139.21269841269836,7.72037141966931,2,40.0,0.7,0.7,40
17,93.15066738816742,5.704962276138614,6,40.0,0.7,0.7,40
18,109.9175595238095,8.023064681952853,4,40.0,0.7,0.7,40
19,126.84940476190474,3.457247083729945,2,40.0,0.7,0.7,40
20,116.62103174603168,3.135924517786556,3,40.0,0.7,0.7,40
21,127.879365079365,2.890158669135498,2,40.0,0.7,0.7,40
22,125.93035714285702,3.6491760671948956,2,40.0,0.7,0.7,40
23,123.59940476190471,4.541477481549276,2,40.0,0.7,0.7,40
24,135.33511904761895,4.425309938925804,2,40.0,0.7,0.7,40
26,89.39219576719582,4.638208992408638,6,40.0,0.7,0.7,40
27,127.86249999999993,2.709734200761254,2,40.0,0.7,0.7,40
28,118.26388888888884,8.598607070701092,3,40.0,0.7,0.7,40
29,116.82857142857135,0.7330984858957629,3,40.0,0.7,0.7,40
31,108.10982142857142,7.878506692340075,4,40.0,0.7,0.7,40
32,107.14365079365078,6.902586677678528,4,40.0,0.7,0.7,40
33,128.45535714285703,6.959109238177546,2,40.0,0.7,0.7,40
34,96.89793650793652,5.072814619197702,5,40.0,0.7,0.7,40
35,127.57698412698404,2.1173919725530475,2,40.0,0.7,0.7,40
38,132.19880952380944,7.690628039190809,2,40.0,0.7,0.7,40
39,134.67619047619038,1.784602828708942,2,40.0,0.7,0.7,40
40,126.86111111111106,19.405030380847993,2,40.0,0.7,0.7,40
1,81.05892857142855,8.609025060946184,2,40.0,0.8,0.8,40
2,81.36547619047624,3.924442635585337,2,40.0,0.8,0.8,40
3,86.17261904761901,4.919442891969295,2,40.0,0.8,0.8,40
4,67.8321428571429,5.231498619527886,5,40.0,0.8,0.8,40
5,78.28809523809528,8.732768747653859,2,40.0,0.8,0.8,40
7,72.65105820105823,7.0648159577649645,3,40.0,0.8,0.8,40
8,70.23214285714292,3.8966430731116417,5,40.0,0.8,0.8,40
9,83.2585497835498,5.3080455147901935,2,40.0,0.8,0.8,40
10,73.00982142857147,3.6136548743734886,4,40.0,0.8,0.8,40
13,74.89672619047623,4.014596075176833,4,40.0,0.8,0.8,40
15,71.80337301587306,1.082266212316074,2,40.0,0.8,0.8,40
16,75.43624338624343,3.426912773334433,3,40.0,0.8,0.8,40
17,73.25942460317462,6.663255688986866,4,40.0,0.8,0.8,40
18,77.56369047619049,0.7096321625479013,2,40.0,0.8,0.8,40
19,77.86653439153444,3.8007059267033787,3,40.0,0.8,0.8,40
20,79.33571428571432,4.554104388356196,2,40.0,0.8,0.8,40
21,79.67169312169315,3.9648114499041953,3,40.0,0.8,0.8,40
22,75.40238095238101,11.184072255767203,2,40.0,0.8,0.8,40
23,74.79391534391539,5.551921009708502,3,40.0,0.8,0.8,40
24,86.7355158730159,0.6636141021849838,2,40.0,0.8,0.8,40
26,77.8949735449736,2.4270985241101686,3,40.0,0.8,0.8,40
27,62.30464852607718,5.4568153611084735,7,40.0,0.8,0.8,40
28,75.67539682539686,3.795956681986676,3,40.0,0.8,0.8,40
29,79.56091269841272,3.9898219530521613,2,40.0,0.8,0.8,40
30,75.02500000000006,2.866192018923763,3,40.0,0.8,0.8,40
31,86.50357142857142,2.2273863607376088,2,40.0,0.8,0.8,40
34,90.09166666666664,1.9243405973719339,2,40.0,0.8,0.8,40
35,81.50277777777778,8.580115499903558,3,40.0,0.8,0.8,40
36,83.06904761904762,2.3452374909353195,2,40.0,0.8,0.8,40
37,70.56523809523817,3.6050419803583673,5,40.0,0.8,0.8,40
38,76.41878306878313,4.883594463861721,3,40.0,0.8,0.8,40
40,81.21309523809526,0.5050762722761413,2,40.0,0.8,0.8,40
1,35.07321428571428,3.729988270759042,2,40.0,0.9,0.9,40
2,38.08849206349206,5.858793361784049,3,40.0,0.9,0.9,40
3,38.35267857142858,5.5020280487832,4,40.0,0.9,0.9,40
4,36.55013227513228,9.650741977962321,3,40.0,0.9,0.9,40
5,39.846957671957675,1.7634735049909505,3,40.0,0.9,0.9,40
6,40.375297619047615,6.63984844578151,4,40.0,0.9,0.9,40
7,39.18902116402116,5.293703405971953,3,40.0,0.9,0.9,40
8,37.28492063492063,3.6506282528096063,3,40.0,0.9,0.9,40
10,38.11785714285715,3.726052789179892,3,40.0,0.9,0.9,40
12,40.92380952380953,7.364588330733724,3,40.0,0.9,0.9,40
13,36.78988095238095,1.1793530957647174,2,40.0,0.9,0.9,40
14,39.9925925925926,2.2946098853419765,3,40.0,0.9,0.9,40
15,38.53187830687831,5.602612813203958,3,40.0,0.9,0.9,40
16,39.636309523809516,5.54428952643941,4,40.0,0.9,0.9,40
17,39.34285714285714,2.2886972103436882,3,40.0,0.9,0.9,40
18,39.32142857142857,3.517686322498376,3,40.0,0.9,0.9,40
19,41.58492063492064,3.8112065562577673,3,40.0,0.9,0.9,40
20,42.738095238095255,4.929654096635153,3,40.0,0.9,0.9,40
21,40.26726190476191,4.883460302266172,4,40.0,0.9,0.9,40
22,39.55634920634921,5.778055691957745,5,40.0,0.9,0.9,40
23,39.30557359307359,6.817381775108629,2,40.0,0.9,0.9,40
24,41.45119047619049,2.0719351080482213,2,40.0,0.9,0.9,40
25,38.71964285714286,1.8527881254661938,2,40.0,0.9,0.9,40
26,37.80555555555556,4.901588249316279,3,40.0,0.9,0.9,40
29,40.74821428571428,1.2652160620516317,2,40.0,0.9,0.9,40
30,36.34662698412697,0.9099790838841236,2,40.0,0.9,0.9,40
31,38.56984126984126,3.2807509863623463,2,40.0,0.9,0.9,40
32,36.844179894179895,2.1620719324648503,3,40.0,0.9,0.9,40
37,41.27010582010582,6.942726321851491,3,40.0,0.9,0.9,40
38,41.12513227513228,5.6628765549299604,3,40.0,0.9,0.9,40
39,38.468795093795094,2.8558916696946377,3,40.0,0.9,0.9,40
40,38.82936507936509,3.389251286336718,3,40.0,0.9,0.9,40
1,316.5833333333327,4.1256312648287965,3,50.0,0.1,0.1,50
6,464.5499999999993,9.805214032453303,2,50.0,0.1,0.1,50
7,464.2333333333323,11.785113019775766,2,50.0,0.1,0.1,50
9,318.4865079365072,5.377808464896067,3,50.0,0.1,0.1,50
10,319.4499999999994,4.456674146091946,3,50.0,0.1,0.1,50
11,317.71666666666613,3.9589911734063823,3,50.0,0.1,0.1,50
12,461.33333333333235,0.23570226039558284,2,50.0,0.1,0.1,50
15,322.56944444444395,4.286366738254362,3,50.0,0.1,0.1,50
16,196.70571428571242,2.1154655384676917,5,50.0,0.1,0.1,50
18,460.78333333333217,9.545941546018351,2,50.0,0.1,0.1,50
19,318.12222222222186,4.785868472600754,3,50.0,0.1,0.1,50
21,465.08333333333235,1.296362432175364,2,50.0,0.1,0.1,50
24,319.63888888888835,6.670963892816132,3,50.0,0.1,0.1,50
25,317.3666666666662,9.525010936126455,3,50.0,0.1,0.1,50
26,458.45833333333246,1.2374368670764984,2,50.0,0.1,0.1,50
27,459.6666666666659,13.458599068583853,2,50.0,0.1,0.1,50
28,461.37499999999903,11.113361577648513,2,50.0,0.1,0.1,50
31,464.7916666666657,2.6516504294495933,2,50.0,0.1,0.1,50
33,465.5999999999991,1.9091883092035897,2,50.0,0.1,0.1,50
34,243.0708333333335,2.3818517150722434,4,50.0,0.1,0.1,50
37,317.6222222222219,3.402055478895064,3,50.0,0.1,0.1,50
38,468.64166666666586,4.890821903206887,2,50.0,0.1,0.1,50
39,242.89702380952411,3.2546939037961176,4,50.0,0.1,0.1,50
40,462.7083333333326,15.4974236210051,2,50.0,0.1,0.1,50
41,465.3083333333327,10.689097508936609,2,50.0,0.1,0.1,50
42,195.42761904761747,3.325603537538418,5,50.0,0.1,0.1,50
45,241.6511904761906,3.4937112815054983,4,50.0,0.1,0.1,50
48,319.4611111111107,5.544299708642819,3,50.0,0.1,0.1,50
49,466.06666666666615,11.549410759380262,2,50.0,0.1,0.1,50
50,318.8611111111104,6.093218756520398,3,50.0,0.1,0.1,50
1,411.39999999999907,18.502627441047885,2,50.0,0.2,0.2,50
2,296.5,3.965160778581298,3,50.0,0.2,0.2,50
4,297.65,0.6672913739722152,3,50.0,0.2,0.2,50
5,296.47619047619077,5.983797567877097,3,50.0,0.2,0.2,50
6,294.14841269841315,6.312736977582992,3,50.0,0.2,0.2,50
7,292.4571428571432,4.516259991230449,3,50.0,0.2,0.2,50
8,415.0190476190468,15.320646925708543,2,50.0,0.2,0.2,50
9,228.45,1.7004901254246982,4,50.0,0.2,0.2,50
10,416.7416666666657,5.385796650037462,2,50.0,0.2,0.2,50
12,407.17499999999916,1.1195857368787672,2,50.0,0.2,0.2,50
14,230.85773809523823,2.6260932467718705,4,50.0,0.2,0.2,50
15,417.1999999999989,23.71164739578859,2,50.0,0.2,0.2,50
16,229.28273809523802,3.786412721336141,4,50.0,0.2,0.2,50
17,416.266666666666,11.33727872502429,2,50.0,0.2,0.2,50
18,421.8249999999989,27.447528223057617,2,50.0,0.2,0.2,50
21,293.0626984126987,12.732360599071432,3,50.0,0.2,0.2,50
23,406.3749999999991,1.708841387867423,2,50.0,0.2,0.2,50
27,418.6916666666656,2.651650429449513,2,50.0,0.2,0.2,50
28,298.4722222222221,3.2047851953209516,3,50.0,0.2,0.2,50
29,418.10833333333227,18.797255266542255,2,50.0,0.2,0.2,50
30,297.06666666666706,5.718464246048282,3,50.0,0.2,0.2,50
31,301.21507936507936,6.13184613611891,3,50.0,0.2,0.2,50
33,298.90555555555557,7.432255776406194,3,50.0,0.2,0.2,50
34,418.18333333333237,5.0675985985034435,2,50.0,0.2,0.2,50
35,301.5087301587302,12.302338405128799,3,50.0,0.2,0.2,50
36,415.61666666666554,14.23641652788911,2,50.0,0.2,0.2,50
41,295.4976190476191,13.846837110299592,3,50.0,0.2,0.2,50
43,416.1499999999991,2.357022603955185,2,50.0,0.2,0.2,50
44,297.9746031746032,7.685707032706136,3,50.0,0.2,0.2,50
45,417.7833333333324,15.10851489135261,2,50.0,0.2,0.2,50
46,297.47222222222234,0.7557801953635074,3,50.0,0.2,0.2,50
47,295.55555555555554,8.132536390828191,3,50.0,0.2,0.2,50
49,296.83452380952394,7.0927975988164595,3,50.0,0.2,0.2,50
4,271.07222222222254,0.8055938688206048,3,50.0,0.3,0.3,50
6,370.47499999999945,11.160502029727454,2,50.0,0.3,0.3,50
7,151.35370370370353,2.3173346572077325,6,50.0,0.3,0.3,50
8,359.89999999999964,7.6838936888937015,2,50.0,0.3,0.3,50
10,211.92916666666676,4.934977959839079,4,50.0,0.3,0.3,50
12,213.54166666666688,5.050311688217696,4,50.0,0.3,0.3,50
15,362.44999999999953,0.707106781186628,2,50.0,0.3,0.3,50
16,269.86666666666713,8.815626907813964,3,50.0,0.3,0.3,50
17,363.57499999999936,21.41355035693235,2,50.0,0.3,0.3,50
19,354.8083333333328,0.20034692133612683,2,50.0,0.3,0.3,50
20,363.90833333333285,19.009387300898307,2,50.0,0.3,0.3,50
21,362.72499999999957,14.931738196055733,2,50.0,0.3,0.3,50
22,271.1289682539688,5.437353659163048,3,50.0,0.3,0.3,50
24,214.5819444444445,6.2745801987420435,4,50.0,0.3,0.3,50
25,362.99999999999943,0.16499158227675123,2,50.0,0.3,0.3,50
26,359.3880952380947,27.688281246175766,2,50.0,0.3,0.3,50
27,364.98333333333267,8.827049651812038,2,50.0,0.3,0.3,50
28,212.57202380952384,9.928974026895089,4,50.0,0.3,0.3,50
29,270.07777777777846,6.374108507019432,3,50.0,0.3,0.3,50
30,360.40833333333273,19.66935363000547,2,50.0,0.3,0.3,50
31,363.90119047618975,3.146625176279887,2,50.0,0.3,0.3,50
32,358.091666666666,11.160502029727855,2,50.0,0.3,0.3,50
34,271.47500000000065,7.718376340483304,3,50.0,0.3,0.3,50
37,267.7658730158736,8.201155943264427,3,50.0,0.3,0.3,50
39,359.88333333333304,9.54594154601831,2,50.0,0.3,0.3,50
40,214.74285714285733,4.478118041572363,4,50.0,0.3,0.3,50
41,352.22499999999957,11.113361577648392,2,50.0,0.3,0.3,50
42,214.19404761904764,7.251429994246115,4,50.0,0.3,0.3,50
45,359.84285714285664,11.667261889577954,2,50.0,0.3,0.3,50
46,269.35396825396907,3.4089071779892417,3,50.0,0.3,0.3,50
48,214.2611111111113,5.371465509835859,4,50.0,0.3,0.3,50
50,271.7277777777783,7.92647345806922,3,50.0,0.3,0.3,50
2,242.45000000000059,3.0753048629364486,3,50.0,0.4,0.4,50
3,319.5880952380952,14.078159295909156,2,50.0,0.4,0.4,50
5,298.44999999999993,23.947349656184173,2,50.0,0.4,0.4,50
6,164.59341269841252,7.41370412903191,5,50.0,0.4,0.4,50
7,302.0595238095236,6.976786907707234,2,50.0,0.4,0.4,50
9,310.44166666666655,17.748380207782358,2,50.0,0.4,0.4,50
10,238.94100529100575,7.075152865192674,3,50.0,0.4,0.4,50
12,307.133333333333,22.391714737573817,2,50.0,0.4,0.4,50
13,195.52559523809518,8.419683318086902,4,50.0,0.4,0.4,50
14,197.04920634920651,8.97931506393362,4,50.0,0.4,0.4,50
17,240.83888888888947,4.7812371460756795,3,50.0,0.4,0.4,50
19,240.5142857142863,7.280007491087891,3,50.0,0.4,0.4,50
20,306.958333333333,4.065863991822729,2,50.0,0.4,0.4,50
21,298.4083333333335,13.517524633682678,2,50.0,0.4,0.4,50
25,303.4297619047619,5.510382130532149,2,50.0,0.4,0.4,50
28,245.30634920634975,12.481144584677056,3,50.0,0.4,0.4,50
29,195.0438492063492,6.470545618485921,4,50.0,0.4,0.4,50
31,247.09126984127036,3.7737686518241698,3,50.0,0.4,0.4,50
32,305.32500000000005,2.0623947784606966,2,50.0,0.4,0.4,50
34,306.10119047619037,6.446456821817283,2,50.0,0.4,0.4,50
36,197.75357142857155,3.081020153323459,4,50.0,0.4,0.4,50
39,240.85952380952432,14.88862354655779,3,50.0,0.4,0.4,50
40,311.1214285714287,17.590122975802323,2,50.0,0.4,0.4,50
42,239.50793650793705,8.404070635721075,3,50.0,0.4,0.4,50
43,165.7675396825396,10.307670555412155,5,50.0,0.4,0.4,50
45,242.79166666666725,7.994294663416752,3,50.0,0.4,0.4,50
47,194.4286706349206,3.9922576448180376,4,50.0,0.4,0.4,50
48,244.04285714285786,11.234214233512144,3,50.0,0.4,0.4,50
50,199.94404761904764,2.6051960550525015,4,50.0,0.4,0.4,50
2,203.16825396825413,6.835029067567817,3,50.0,0.5,0.5,50
3,132.13339947089963,4.4034913255176455,6,50.0,0.5,0.5,50
4,169.82738095238096,4.096546948465589,4,50.0,0.5,0.5,50
5,210.86031746031765,5.033356046561727,3,50.0,0.5,0.5,50
7,150.32761904761907,5.242506602037918,5,50.0,0.5,0.5,50
8,201.82063492063503,16.86872585695312,3,50.0,0.5,0.5,50
9,254.90000000000035,12.350798444724932,2,50.0,0.5,0.5,50
12,255.40000000000038,2.192031021678394,2,50.0,0.5,0.5,50
13,208.5325396825399,7.265497289878847,3,50.0,0.5,0.5,50
14,257.1630952380956,3.60119382132858,2,50.0,0.5,0.5,50
15,211.22936507936535,7.5547571523605,3,50.0,0.5,0.5,50
16,208.82301587301617,2.5545816997348774,3,50.0,0.5,0.5,50
21,173.20952380952394,4.290199372709456,4,50.0,0.5,0.5,50
25,176.0853174603176,4.016937166868558,4,50.0,0.5,0.5,50
26,209.43253968253993,7.149188596005497,3,50.0,0.5,0.5,50
28,248.27023809523848,0.883883476483084,2,50.0,0.5,0.5,50
31,262.569047619048,5.902658035333339,2,50.0,0.5,0.5,50
33,246.3880952380955,5.774705379690111,2,50.0,0.5,0.5,50
34,246.63333333333384,9.345594624682224,2,50.0,0.5,0.5,50
36,261.6607142857146,4.325136478257721,2,50.0,0.5,0.5,50
38,208.55119047619053,6.251238766125533,3,50.0,0.5,0.5,50
39,205.38809523809536,4.603356386667937,3,50.0,0.5,0.5,50
40,206.19166666666686,18.31803365928939,3,50.0,0.5,0.5,50
41,175.82291666666666,3.982499909847485,4,50.0,0.5,0.5,50
43,247.276190476191,16.12203461105339,2,50.0,0.5,0.5,50
44,175.58452380952372,3.991914423358405,4,50.0,0.5,0.5,50
46,257.7708333333337,11.97956738460201,2,50.0,0.5,0.5,50
49,250.72500000000053,9.416305302800875,2,50.0,0.5,0.5,50
2,197.81666666666678,5.892556509887943,2,50.0,0.6,0.6,50
3,116.39312169312177,6.649988556352058,6,50.0,0.6,0.6,50
9,204.20952380952403,13.47038418160382,2,50.0,0.6,0.6,50
10,190.5916666666668,8.579562278396871,2,50.0,0.6,0.6,50
11,171.15793650793663,1.9412171143665062,3,50.0,0.6,0.6,50
12,168.3468253968254,5.375933491334387,3,50.0,0.6,0.6,50
13,203.1845238095239,11.042650899529942,2,50.0,0.6,0.6,50
14,158.08611111111114,9.852124398257038,3,50.0,0.6,0.6,50
15,166.46666666666673,3.585090535768924,3,50.0,0.6,0.6,50
16,130.984126984127,8.623364279771438,5,50.0,0.6,0.6,50
17,165.26626984126986,7.46912781858581,3,50.0,0.6,0.6,50
18,152.4541666666666,5.158149066783806,4,50.0,0.6,0.6,50
19,164.52976190476198,6.310219188994379,3,50.0,0.6,0.6,50
20,170.07063492063497,9.699713139893435,3,50.0,0.6,0.6,50
22,189.81428571428586,1.5623692689074136,2,50.0,0.6,0.6,50
23,195.29940476190495,8.432248365649526,2,50.0,0.6,0.6,50
24,173.79087301587302,4.931037646898731,3,50.0,0.6,0.6,50
25,204.1577380952383,7.866562940700441,2,50.0,0.6,0.6,50
28,146.26670274170266,3.2620162766246517,4,50.0,0.6,0.6,50
29,203.81190476190494,7.8488852711707136,2,50.0,0.6,0.6,50
33,193.15277777777786,1.3956940990562525,2,50.0,0.6,0.6,50
34,145.3324404761904,5.340751765158655,4,50.0,0.6,0.6,50
35,177.51984126984135,4.5327271649391045,3,50.0,0.6,0.6,50
36,185.80595238095265,13.227947570911219,2,50.0,0.6,0.6,50
37,205.38095238095258,5.29656650860223,2,50.0,0.6,0.6,50
40,186.98452380952398,4.902607016226672,2,50.0,0.6,0.6,50
43,168.52301587301585,13.105641989095231,3,50.0,0.6,0.6,50
44,167.73134920634928,5.988942751410123,3,50.0,0.6,0.6,50
47,148.51428571428568,6.926167422356305,4,50.0,0.6,0.6,50
50,150.35386904761904,8.829259034943702,4,50.0,0.6,0.6,50
1,114.54970238095234,6.183413811429617,4,50.0,0.7,0.7,50
2,117.99583333333328,6.360008457343071,4,50.0,0.7,0.7,50
4,104.66404761904764,2.8834068646988062,5,50.0,0.7,0.7,50
5,144.69642857142856,3.1163205999436214,2,50.0,0.7,0.7,50
6,113.85624999999987,6.6211352177129905,4,50.0,0.7,0.7,50
9,150.82976190476185,14.089944408929123,2,50.0,0.7,0.7,50
11,129.10595238095226,5.228187599754923,3,50.0,0.7,0.7,50
12,125.98968253968245,2.796927303874619,3,50.0,0.7,0.7,50
13,140.23214285714283,1.9142390719264584,2,50.0,0.7,0.7,50
15,144.91666666666657,9.039181686168071,2,50.0,0.7,0.7,50
16,117.6178571428571,4.394947022985029,4,50.0,0.7,0.7,50
17,145.897619047619,7.912861598992348,2,50.0,0.7,0.7,50
19,156.09404761904761,0.6363961030678364,2,50.0,0.7,0.7,50
20,125.58888888888882,4.929103567622405,3,50.0,0.7,0.7,50
21,149.78194444444438,3.9656905311545447,2,50.0,0.7,0.7,50
22,139.58809523809524,4.060813229099881,2,50.0,0.7,0.7,50
23,99.62235449735452,3.324220381993969,6,50.0,0.7,0.7,50
26,150.35119047619048,6.976786907707295,2,50.0,0.7,0.7,50
27,151.5440476190476,10.500535700620308,2,50.0,0.7,0.7,50
29,141.79007936507935,10.539819410686258,2,50.0,0.7,0.7,50
30,131.87857142857135,2.295548968771337,3,50.0,0.7,0.7,50
31,127.63293650793642,8.69286246864146,3,50.0,0.7,0.7,50
34,120.37103174603172,2.9463170573734727,3,50.0,0.7,0.7,50
35,142.822619047619,9.586347647800455,2,50.0,0.7,0.7,50
36,129.37857142857138,7.626026565593589,3,50.0,0.7,0.7,50
37,139.45059523809522,13.834880891429743,2,50.0,0.7,0.7,50
38,131.5231601731601,6.0851860706813135,3,50.0,0.7,0.7,50
41,137.85476190476186,11.589816861162385,2,50.0,0.7,0.7,50
46,130.39285714285705,0.590148478569058,3,50.0,0.7,0.7,50
48,144.57023809523804,2.32166726489585,2,50.0,0.7,0.7,50
1,93.23373015873015,6.051509965678092,3,50.0,0.8,0.8,50
2,95.60119047619044,10.37089945740267,2,50.0,0.8,0.8,50
4,101.30575396825395,3.019514314423956,2,50.0,0.8,0.8,50
6,94.33571428571427,2.256302900272423,3,50.0,0.8,0.8,50
7,97.83630952380945,5.763762060457441,2,50.0,0.8,0.8,50
8,98.55238095238091,0.9074537025227347,2,50.0,0.8,0.8,50
9,92.37341269841271,3.2888471376892703,3,50.0,0.8,0.8,50
10,84.30912698412699,4.389886292705904,3,50.0,0.8,0.8,50
11,88.8833333333333,8.284934452902384,2,50.0,0.8,0.8,50
16,88.00119047619049,5.94345270882509,3,50.0,0.8,0.8,50
17,94.47202380952378,0.5597928684393434,2,50.0,0.8,0.8,50
19,98.8422619047619,8.08374573777905,2,50.0,0.8,0.8,50
20,98.47142857142856,0.2895770627716302,2,50.0,0.8,0.8,50
21,94.24999999999999,0.3097801136626919,2,50.0,0.8,0.8,50
23,95.69642857142853,2.9883679443002436,2,50.0,0.8,0.8,50
24,91.20436507936508,0.9723511414362943,3,50.0,0.8,0.8,50
26,96.47619047619041,0.5656854249492259,2,50.0,0.8,0.8,50
28,79.66101190476195,7.822043679456014,4,50.0,0.8,0.8,50
31,85.58482142857146,3.9715965733516776,4,50.0,0.8,0.8,50
32,90.09761904761902,3.4244171260320138,2,50.0,0.8,0.8,50
34,84.71190476190476,5.34305449088038,3,50.0,0.8,0.8,50
36,91.11488095238096,5.780597936200034,2,50.0,0.8,0.8,50
37,93.64285714285714,1.2610070931159985,2,50.0,0.8,0.8,50
38,73.80654761904766,5.98875246874481,6,50.0,0.8,0.8,50
39,88.50029761904761,2.27203087897229,4,50.0,0.8,0.8,50
40,85.93359788359793,2.965687747029885,3,50.0,0.8,0.8,50
41,94.66190476190474,7.6956788019135765,2,50.0,0.8,0.8,50
44,92.82976190476187,4.449721958752449,2,50.0,0.8,0.8,50
45,95.88293650793648,5.22866180977389,2,50.0,0.8,0.8,50
46,89.09126984126985,9.471840824940026,3,50.0,0.8,0.8,50
47,96.14880952380946,4.93122800498898,2,50.0,0.8,0.8,50
48,94.79880952380951,8.396051232803078,2,50.0,0.8,0.8,50
49,86.50119047619043,2.4529870956876056,2,50.0,0.8,0.8,50
50,90.06250000000001,3.428626094967637,2,50.0,0.8,0.8,50
2,48.16507936507939,6.07326157619113,2,50.0,0.9,0.9,50
3,48.201190476190504,3.3957961372696905,2,50.0,0.9,0.9,50
5,41.35952380952381,2.239171473757409,2,50.0,0.9,0.9,50
7,43.3092261904762,3.417235223835042,4,50.0,0.9,0.9,50
11,46.43333333333334,1.8384776310850295,2,50.0,0.9,0.9,50
14,47.167857142857166,4.018723539743548,2,50.0,0.9,0.9,50
16,48.39880952380954,4.168517106111671,3,50.0,0.9,0.9,50
17,54.88452380952384,1.180194889551857,2,50.0,0.9,0.9,50
18,46.0638888888889,7.288733650471349,3,50.0,0.9,0.9,50
19,48.43650793650796,5.134669592253973,3,50.0,0.9,0.9,50
20,43.985714285714295,4.98220984764657,4,50.0,0.9,0.9,50
21,59.55476190476195,9.788378156710941,2,50.0,0.9,0.9,50
24,42.1375396825397,3.046535963607038,5,50.0,0.9,0.9,50
25,47.54761904761908,6.9040484032009655,4,50.0,0.9,0.9,50
27,44.69226190476192,3.218177648185909,2,50.0,0.9,0.9,50
28,46.08015873015874,1.6229824966490891,3,50.0,0.9,0.9,50
29,49.00793650793652,4.90454364593746,3,50.0,0.9,0.9,50
30,46.15000000000001,6.151490334328224,3,50.0,0.9,0.9,50
31,41.536309523809535,1.2601652993288888,2,50.0,0.9,0.9,50
33,42.52698412698413,4.634274321647812,3,50.0,0.9,0.9,50
35,44.294642857142875,8.253484942733271,4,50.0,0.9,0.9,50
36,46.0232142857143,4.47245039100492,2,50.0,0.9,0.9,50
37,43.78452380952383,4.597877665286808,2,50.0,0.9,0.9,50
38,50.423412698412726,3.3589222600493818,3,50.0,0.9,0.9,50
39,49.768452380952404,0.7197336879934574,2,50.0,0.9,0.9,50
40,41.38630952380953,6.265344693087926,4,50.0,0.9,0.9,50
41,40.389682539682546,6.775272389255052,3,50.0,0.9,0.9,50
42,49.28809523809525,9.279934709286316,2,50.0,0.9,0.9,50
43,41.583333333333336,1.4142135623730951,2,50.0,0.9,0.9,50
46,46.84404761904763,1.3906433363335498,2,50.0,0.9,0.9,50
49,46.04940476190478,3.95026543832915,4,50.0,0.9,0.9,50
50,46.77916666666668,2.009361769871779,2,50.0,0.9,0.9,50
3,483.99999999999955,2.5927248643506875,2,100.0,0.1,0.1,100
4,480.8333333333328,12.610070931160005,2,100.0,0.1,0.1,100
6,481.583333333333,9.192388155425117,2,100.0,0.1,0.1,100
7,477.5416666666662,0.6481812160877624,2,100.0,0.1,0.1,100
8,326.10555555555464,1.5906264780244397,3,100.0,0.1,0.1,100
10,478.6666666666661,0.4714045207910853,2,100.0,0.1,0.1,100
11,326.49444444444373,1.6554903044560179,3,100.0,0.1,0.1,100
17,481.08333333333286,13.670731102939866,2,100.0,0.1,0.1,100
18,482.5833333333327,8.838834764831804,2,100.0,0.1,0.1,100
20,482.83333333333286,9.545941546018392,2,100.0,0.1,0.1,100
21,325.24444444444356,0.7742977702646734,3,100.0,0.1,0.1,100
26,479.16666666666623,1.4142135623730951,2,100.0,0.1,0.1,100
28,480.2666666666663,8.226008887803498,2,100.0,0.1,0.1,100
41,327.0777777777769,4.541730376719082,3,100.0,0.1,0.1,100
47,327.5388888888881,5.679723519613977,3,100.0,0.1,0.1,100
51,477.24999999999955,10.37089945740267,2,100.0,0.1,0.1,100
52,327.5333333333323,2.7092947011680693,3,100.0,0.1,0.1,100
53,481.1666666666662,1.1785113019775926,2,100.0,0.1,0.1,100
55,482.08333333333286,8.603132504436381,2,100.0,0.1,0.1,100
63,482.99999999999966,6.481812160876699,2,100.0,0.1,0.1,100
73,479.7666666666661,4.619764303752129,2,100.0,0.1,0.1,100
81,482.2499999999993,0.9428090415820499,2,100.0,0.1,0.1,100
82,326.8666666666659,5.515760247790831,3,100.0,0.1,0.1,100
91,326.78888888888827,2.016138590180293,3,100.0,0.1,0.1,100
92,480.6666666666662,9.42809041582066,2,100.0,0.1,0.1,100
93,326.1777777777768,11.767815493177576,3,100.0,0.1,0.1,100
100,478.16666666666606,0.353553390593314,2,100.0,0.1,0.1,100
4,314.0277777777776,3.783786071785404,3,100.0,0.2,0.2,100
7,448.4583333333325,14.67246570962086,2,100.0,0.2,0.2,100
8,438.66666666666606,1.0606601717798212,2,100.0,0.2,0.2,100
9,452.6083333333328,17.854446224960284,2,100.0,0.2,0.2,100
23,240.57500000000078,1.307421833935756,4,100.0,0.2,0.2,100
26,439.98333333333255,4.478342947514788,2,100.0,0.2,0.2,100
27,313.3388888888889,1.9787996735769098,3,100.0,0.2,0.2,100
30,446.32499999999936,7.95495128834866,2,100.0,0.2,0.2,100
35,447.22499999999917,5.22080506776067,2,100.0,0.2,0.2,100
36,446.866666666666,9.899494936611545,2,100.0,0.2,0.2,100
38,447.5499999999992,6.505382386916189,2,100.0,0.2,0.2,100
40,447.3666666666659,13.435028842544362,2,100.0,0.2,0.2,100
42,316.5166666666664,4.310839052125778,3,100.0,0.2,0.2,100
46,453.3583333333327,0.8838834764831844,2,100.0,0.2,0.2,100
47,444.7333333333328,1.2963624321752434,2,100.0,0.2,0.2,100
48,449.4166666666662,5.067598598503684,2,100.0,0.2,0.2,100
51,443.3749999999995,3.948012861624917,2,100.0,0.2,0.2,100
62,448.5833333333326,1.414213562373055,2,100.0,0.2,0.2,100
63,445.9916666666662,6.894291116568798,2,100.0,0.2,0.2,100
64,444.1583333333325,6.540737725975524,2,100.0,0.2,0.2,100
67,447.9499999999995,26.634355424693222,2,100.0,0.2,0.2,100
68,453.04166666666583,4.6551196428114645,2,100.0,0.2,0.2,100
70,446.5333333333326,20.388245524211946,2,100.0,0.2,0.2,100
72,456.3333333333327,0.7071067811866681,2,100.0,0.2,0.2,100
83,443.9999999999994,7.306770072261018,2,100.0,0.2,0.2,100
86,452.7499999999994,2.357022603955185,2,100.0,0.2,0.2,100
87,240.23333333333406,2.763384934513573,4,100.0,0.2,0.2,100
90,312.99999999999983,4.038804828713956,3,100.0,0.2,0.2,100
96,313.93412698412675,14.599746901894758,3,100.0,0.2,0.2,100
97,447.8333333333326,15.792051446499547,2,100.0,0.2,0.2,100
3,408.20833333333263,14.67246570962078,2,100.0,0.3,0.3,100
7,412.7833333333326,2.2391714737572532,2,100.0,0.3,0.3,100
11,296.8222222222225,3.5697935410785804,3,100.0,0.3,0.3,100
16,412.19166666666604,4.065863991822688,2,100.0,0.3,0.3,100
21,409.2499999999992,18.384776310850196,2,100.0,0.3,0.3,100
24,190.21714285714265,5.0633843534844285,5,100.0,0.3,0.3,100
25,413.5666666666659,1.5320646925708261,2,100.0,0.3,0.3,100
28,402.24166666666633,3.240906080438169,2,100.0,0.3,0.3,100
30,189.39047619047602,6.190202832792419,5,100.0,0.3,0.3,100
31,297.2722222222223,13.663427800491684,3,100.0,0.3,0.3,100
34,404.2999999999995,6.458241934837089,2,100.0,0.3,0.3,100
37,410.8749999999993,10.78337841309493,2,100.0,0.3,0.3,100
39,296.23888888888933,5.162803215021442,3,100.0,0.3,0.3,100
62,296.9539682539684,5.565776708633808,3,100.0,0.3,0.3,100
72,413.6166666666661,27.22361107568184,2,100.0,0.3,0.3,100
74,411.2416666666661,21.625682391288365,2,100.0,0.3,0.3,100
77,297.9277777777781,2.9751906257009613,3,100.0,0.3,0.3,100
80,413.28333333333256,9.074537025227306,2,100.0,0.3,0.3,100
82,411.266666666666,1.6499158227685573,2,100.0,0.3,0.3,100
83,302.5039682539685,4.984234403857003,3,100.0,0.3,0.3,100
85,408.53333333333273,0.9428090415820499,2,100.0,0.3,0.3,100
90,415.1999999999997,5.0675985985035235,2,100.0,0.3,0.3,100
96,394.34999999999945,27.812866726670777,2,100.0,0.3,0.3,100
5,274.84444444444495,11.704715732146832,3,100.0,0.4,0.4,100
8,367.88333333333287,8.48528137423861,2,100.0,0.4,0.4,100
10,361.93333333333294,11.313708498984761,2,100.0,0.4,0.4,100
17,361.933333333333,11.549410759380143,2,100.0,0.4,0.4,100
18,351.56666666666626,24.39518395093553,2,100.0,0.4,0.4,100
19,351.70833333333314,2.1802459086585886,2,100.0,0.4,0.4,100
23,367.5583333333328,15.002448874174485,2,100.0,0.4,0.4,100
24,272.16666666666697,21.317155324083394,3,100.0,0.4,0.4,100
25,361.39166666666625,4.6551196428114645,2,100.0,0.4,0.4,100
38,360.60833333333306,15.615274751202872,2,100.0,0.4,0.4,100
44,357.6749999999996,9.01561146012856,2,100.0,0.4,0.4,100
45,360.1916666666665,27.75394116157187,2,100.0,0.4,0.4,100
46,359.7916666666663,15.120300004372256,2,100.0,0.4,0.4,100
50,350.9083333333331,15.473853394965328,2,100.0,0.4,0.4,100
55,369.03333333333296,27.34146220587969,2,100.0,0.4,0.4,100
59,367.5999999999998,6.246109900481076,2,100.0,0.4,0.4,100
66,354.6999999999997,1.6499158227685975,2,100.0,0.4,0.4,100
68,362.3583333333329,30.346666025922396,2,100.0,0.4,0.4,100
69,355.4999999999996,0.8249579113842787,2,100.0,0.4,0.4,100
75,278.23730158730194,9.57299925910422,3,100.0,0.4,0.4,100
76,358.875,7.742819253992607,2,100.0,0.4,0.4,100
79,352.69999999999976,10.135197197007127,2,100.0,0.4,0.4,100
83,358.37499999999966,8.99204123408899,2,100.0,0.4,0.4,100
85,273.3777777777782,10.32099173385801,3,100.0,0.4,0.4,100
89,358.52499999999964,10.9012295432925,2,100.0,0.4,0.4,100
92,350.8249999999997,4.772970773009115,2,100.0,0.4,0.4,100
95,271.1928571428576,2.7840817357094254,3,100.0,0.4,0.4,100
96,277.1555555555559,7.5297250453956766,3,100.0,0.4,0.4,100
99,367.0333333333332,1.414213562373055,2,100.0,0.4,0.4,100
2,301.89166666666677,1.9445436482629654,2,100.0,0.5,0.5,100
7,306.64166666666677,10.75980818705524,2,100.0,0.5,0.5,100
8,243.95555555555612,6.280952982658835,3,100.0,0.5,0.5,100
9,300.05,19.91684100342082,2,100.0,0.5,0.5,100
12,243.94444444444485,6.1636103537288625,3,100.0,0.5,0.5,100
16,304.98333333333323,1.1785113019775524,2,100.0,0.5,0.5,100
18,311.6833333333333,22.038161346980665,2,100.0,0.5,0.5,100
29,307.45833333333326,7.153563603003791,2,100.0,0.5,0.5,100
32,302.8511904761905,12.69256672229836,2,100.0,0.5,0.5,100
37,307.48333333333346,5.421151989096878,2,100.0,0.5,0.5,100
41,311.6499999999999,11.572980985419914,2,100.0,0.5,0.5,100
44,298.0583333333334,11.561195872400027,2,100.0,0.5,0.5,100
52,310.32500000000005,15.026019100214095,2,100.0,0.5,0.5,100
53,202.15714285714319,7.945904833819688,4,100.0,0.5,0.5,100
58,298.10833333333323,4.537268512613613,2,100.0,0.5,0.5,100
61,310.9,9.192388155424997,2,100.0,0.5,0.5,100
67,305.7833333333333,10.2530483272049,2,100.0,0.5,0.5,100
72,305.16666666666674,2.451303508113346,2,100.0,0.5,0.5,100
77,204.68452380952408,10.880176503197953,4,100.0,0.5,0.5,100
78,248.7257936507942,4.2607555868442155,3,100.0,0.5,0.5,100
80,310.9749999999998,0.671751442127172,2,100.0,0.5,0.5,100
81,240.01507936507997,17.00922407706207,3,100.0,0.5,0.5,100
84,307.82499999999993,21.649252617328013,2,100.0,0.5,0.5,100
86,302.44166666666666,11.019080673490311,2,100.0,0.5,0.5,100
91,310.9249999999999,12.079740845269972,2,100.0,0.5,0.5,100
94,296.0761904761904,22.273863607375965,2,100.0,0.5,0.5,100
99,308.54166666666663,15.261721360609517,2,100.0,0.5,0.5,100
100,314.29999999999984,4.454772721475177,2,100.0,0.5,0.5,100
1,248.38333333333355,0.3299831645537235,2,100.0,0.6,0.6,100
4,260.1166666666669,9.310239285622808,2,100.0,0.6,0.6,100
5,175.7696428571429,11.850478839858763,4,100.0,0.6,0.6,100
10,239.48333333333358,9.380949963741662,2,100.0,0.6,0.6,100
12,253.05000000000024,14.589969918482485,2,100.0,0.6,0.6,100
18,243.1666666666669,3.606244584051429,2,100.0,0.6,0.6,100
24,265.51666666666694,8.980256121069106,2,100.0,0.6,0.6,100
26,250.14166666666685,14.790316839818551,2,100.0,0.6,0.6,100
30,256.5500000000002,14.1185653976913,2,100.0,0.6,0.6,100
31,250.95000000000027,5.963267188006573,2,100.0,0.6,0.6,100
36,254.58333333333363,6.387531256718498,2,100.0,0.6,0.6,100
38,256.7166666666669,18.64404879728519,2,100.0,0.6,0.6,100
39,247.89166666666688,6.8235804384502075,2,100.0,0.6,0.6,100
43,260.60000000000025,3.2998316455372354,2,100.0,0.6,0.6,100
44,249.8500000000003,17.441967269268247,2,100.0,0.6,0.6,100
48,264.60000000000025,2.0270394394014417,2,100.0,0.6,0.6,100
51,253.6750000000002,8.09637264458596,2,100.0,0.6,0.6,100
52,255.7833333333336,7.188918942063227,2,100.0,0.6,0.6,100
58,179.24583333333348,7.749472801662318,4,100.0,0.6,0.6,100
59,249.74166666666696,8.261364226862852,2,100.0,0.6,0.6,100
63,246.30833333333362,4.867251677167377,2,100.0,0.6,0.6,100
64,254.22500000000025,19.740064308124364,2,100.0,0.6,0.6,100
65,247.05119047619075,6.658588856173356,2,100.0,0.6,0.6,100
69,255.88333333333355,4.831896338108002,2,100.0,0.6,0.6,100
71,244.1916666666669,6.8942911165688585,2,100.0,0.6,0.6,100
73,239.63333333333355,23.782358073907606,2,100.0,0.6,0.6,100
74,223.9706349206351,4.162475670043439,3,100.0,0.6,0.6,100
75,256.29166666666697,8.131727983645256,2,100.0,0.6,0.6,100
83,256.1833333333335,8.720983634634072,2,100.0,0.6,0.6,100
86,250.26666666666694,5.868986283848332,2,100.0,0.6,0.6,100
87,209.898412698413,9.823078456897946,3,100.0,0.6,0.6,100
88,248.05000000000024,20.52966688044947,2,100.0,0.6,0.6,100
97,255.07500000000022,2.9109229158845458,2,100.0,0.6,0.6,100
98,259.1333333333335,12.492219800962294,2,100.0,0.6,0.6,100
100,250.93333333333362,20.85965004500321,2,100.0,0.6,0.6,100
2,194.76666666666677,1.979898987322321,2,100.0,0.7,0.7,100
5,196.7916666666667,8.308504678941933,2,100.0,0.7,0.7,100
6,188.69166666666678,22.99275550158266,2,100.0,0.7,0.7,100
7,199.01666666666682,9.545941546018431,2,100.0,0.7,0.7,100
12,133.44571428571422,8.140439873733403,5,100.0,0.7,0.7,100
15,171.288888888889,7.710388614887908,3,100.0,0.7,0.7,100
16,148.61666666666662,11.465947974893478,4,100.0,0.7,0.7,100
18,190.3845238095239,4.560838738653284,2,100.0,0.7,0.7,100
38,184.25000000000003,6.55252283899533,2,100.0,0.7,0.7,100
47,187.0678571428573,3.830161731427166,2,100.0,0.7,0.7,100
52,174.32222222222228,4.156532119358566,3,100.0,0.7,0.7,100
54,203.57500000000007,5.480077554195743,2,100.0,0.7,0.7,100
60,189.58333333333343,4.949747468305833,2,100.0,0.7,0.7,100
68,180.95,13.458599068583993,2,100.0,0.7,0.7,100
70,150.72083333333336,7.001287910620984,4,100.0,0.7,0.7,100
72,182.49166666666673,0.41247895569211923,2,100.0,0.7,0.7,100
78,169.38333333333338,2.2827249797847666,3,100.0,0.7,0.7,100
85,186.39166666666677,8.685628295574697,2,100.0,0.7,0.7,100
86,189.35000000000014,27.742156048552324,2,100.0,0.7,0.7,100
89,158.70000000000005,0.5174724898753633,3,100.0,0.7,0.7,100
90,134.93333333333325,8.613620364417764,5,100.0,0.7,0.7,100
91,170.83888888888896,9.262594029112417,3,100.0,0.7,0.7,100
93,169.53888888888895,5.0022587490645645,3,100.0,0.7,0.7,100
96,170.92222222222227,5.1197963645847455,3,100.0,0.7,0.7,100
12,125.05476190476185,7.997040977705002,2,100.0,0.8,0.8,100
18,117.99444444444435,4.480709682545747,3,100.0,0.8,0.8,100
19,114.27777777777773,4.1022125917787475,3,100.0,0.8,0.8,100
23,113.48333333333325,13.193969582098209,3,100.0,0.8,0.8,100
25,130.70833333333326,6.163614109342781,2,100.0,0.8,0.8,100
26,130.55476190476185,4.966583344048356,2,100.0,0.8,0.8,100
33,125.8416666666666,1.4024284493532897,2,100.0,0.8,0.8,100
36,121.97777777777769,8.024136044413707,3,100.0,0.8,0.8,100
40,129.45833333333326,2.062394778460767,2,100.0,0.8,0.8,100
43,105.6196428571428,6.835180706812695,4,100.0,0.8,0.8,100
44,133.94999999999993,12.751492287397406,2,100.0,0.8,0.8,100
47,127.66111111111105,9.758476846842964,3,100.0,0.8,0.8,100
51,137.93333333333328,7.919595949289365,2,100.0,0.8,0.8,100
54,120.97499999999995,6.941431568647939,2,100.0,0.8,0.8,100
56,113.2380952380952,4.587497798846517,4,100.0,0.8,0.8,100
61,126.4166666666666,3.6062445840513786,2,100.0,0.8,0.8,100
64,125.20833333333331,3.099484724201008,2,100.0,0.8,0.8,100
66,120.28333333333329,11.125146690668378,2,100.0,0.8,0.8,100
72,123.54166666666663,3.1466251762801485,2,100.0,0.8,0.8,100
74,126.8416666666666,19.504362047728943,2,100.0,0.8,0.8,100
81,132.08333333333326,8.202438661763956,2,100.0,0.8,0.8,100
82,141.575,13.49395440764333,2,100.0,0.8,0.8,100
83,126.52499999999996,3.830161731427126,2,100.0,0.8,0.8,100
88,135.17499999999995,17.807305772881296,2,100.0,0.8,0.8,100
89,130.61666666666665,15.532778960064507,2,100.0,0.8,0.8,100
91,143.5,5.916126735927453,2,100.0,0.8,0.8,100
96,115.87222222222215,2.0392218922731096,3,100.0,0.8,0.8,100
97,128.47499999999997,16.699505149022272,2,100.0,0.8,0.8,100
100,120.56309523809519,5.025508909147211,2,100.0,0.8,0.8,100
1,67.81111111111113,7.884096744807325,3,100.0,0.9,0.9,100
3,68.24166666666667,11.207642481806765,2,100.0,0.9,0.9,100
5,62.90000000000001,5.185449728701345,2,100.0,0.9,0.9,100
6,66.70833333333334,2.2273863607376185,2,100.0,0.9,0.9,100
13,62.53333333333335,1.2604011707036378,3,100.0,0.9,0.9,100
26,57.01666666666668,6.858935777509508,2,100.0,0.9,0.9,100
27,64.13333333333334,12.45539820497297,3,100.0,0.9,0.9,100
28,55.25833333333335,3.7358808272689146,2,100.0,0.9,0.9,100
29,61.45000000000002,10.842303978193721,2,100.0,0.9,0.9,100
32,68.11666666666669,12.020815280171288,2,100.0,0.9,0.9,100
35,63.63750000000002,4.096506528829265,4,100.0,0.9,0.9,100
37,57.58333333333334,3.276261419497675,2,100.0,0.9,0.9,100
40,68.65833333333336,3.5944594710316133,2,100.0,0.9,0.9,100
44,68.36111111111111,10.312833608520831,3,100.0,0.9,0.9,100
50,60.68333333333335,10.111626970967622,2,100.0,0.9,0.9,100
51,66.14642857142859,1.5034437038085482,2,100.0,0.9,0.9,100
55,64.76666666666668,1.2727922061357835,2,100.0,0.9,0.9,100
58,67.77777777777777,9.405736035546079,3,100.0,0.9,0.9,100
63,66.55000000000001,6.458241934837129,2,100.0,0.9,0.9,100
75,60.51111111111113,8.76597483539707,3,100.0,0.9,0.9,100
76,68.85833333333335,12.03260039319107,2,100.0,0.9,0.9,100
77,65.39166666666668,0.9781643806413954,2,100.0,0.9,0.9,100
81,70.59166666666667,10.170552536066499,2,100.0,0.9,0.9,100
82,67.67500000000001,9.864139597552315,2,100.0,0.9,0.9,100
85,69.79166666666669,1.3552879972742093,2,100.0,0.9,0.9,100
87,61.65833333333335,6.14624998587666,4,100.0,0.9,0.9,100
90,60.89285714285717,3.3941125496954214,2,100.0,0.9,0.9,100
91,58.375000000000014,8.638487843495641,2,100.0,0.9,0.9,100
95,61.60000000000001,0.9192388155424948,2,100.0,0.9,0.9,100
98,70.0,8.508851600278115,2,100.0,0.9,0.9,100
20,488.6666666666664,1.4142135623730951,2,200.0,0.1,0.1,200
25,486.33333333333314,3.181980515339504,2,200.0,0.1,0.1,200
69,330.6999999999989,4.952552652700903,3,200.0,0.1,0.1,200
75,492.2499999999998,1.7677669529663689,2,200.0,0.1,0.1,200
77,330.6499999999991,6.887992773256925,3,200.0,0.1,0.1,200
101,490.7499999999999,14.495689014324183,2,200.0,0.1,0.1,200
104,486.4166666666663,1.7677669529663689,2,200.0,0.1,0.1,200
117,331.6999999999988,2.362907813126262,3,200.0,0.1,0.1,200
118,331.52777777777686,4.114113018127244,3,200.0,0.1,0.1,200
130,491.74999999999983,15.202795795510772,2,200.0,0.1,0.1,200
137,486.8333333333329,8.720983634634033,2,200.0,0.1,0.1,200
159,491.91666666666646,0.0,2,200.0,0.1,0.1,200
160,331.4999999999991,4.342938073598038,3,200.0,0.1,0.1,200
163,491.08333333333314,2.2391714737573336,2,200.0,0.1,0.1,200
169,488.66666666666634,6.128258770283465,2,200.0,0.1,0.1,200
180,492.74999999999983,5.656854249492381,2,200.0,0.1,0.1,200
189,489.08333333333314,4.71404520791029,2,200.0,0.1,0.1,200
199,331.9444444444435,4.234721994460563,3,200.0,0.1,0.1,200
18,464.49999999999943,18.73832970144347,2,200.0,0.2,0.2,200
22,467.2499999999998,7.306770072260978,2,200.0,0.2,0.2,200
35,471.1666666666665,8.249579113843067,2,200.0,0.2,0.2,200
36,465.4166666666662,4.831896338108061,2,200.0,0.2,0.2,200
44,467.49999999999966,11.785113019775805,2,200.0,0.2,0.2,200
52,468.3333333333329,13.670731102939946,2,200.0,0.2,0.2,200
56,463.9166666666662,1.7677669529663689,2,200.0,0.2,0.2,200
68,460.99999999999966,11.549410759380223,2,200.0,0.2,0.2,200
93,465.33333333333303,6.953216681667704,2,200.0,0.2,0.2,200
116,465.5833333333329,1.4142135623731353,2,200.0,0.2,0.2,200
140,320.12222222222175,8.402353065483195,3,200.0,0.2,0.2,200
142,463.99999999999955,3.8890872965259713,2,200.0,0.2,0.2,200
154,463.1666666666663,13.08147545195109,2,200.0,0.2,0.2,200
156,469.83333333333286,11.667261889578114,2,200.0,0.2,0.2,200
159,468.7499999999998,2.82842712474615,2,200.0,0.2,0.2,200
165,463.24999999999955,3.8890872965260517,2,200.0,0.2,0.2,200
174,326.8111111111107,7.463026146226037,3,200.0,0.2,0.2,200
186,465.16666666666606,10.48875058760044,2,200.0,0.2,0.2,200
5,431.6666666666664,0.4714045207910451,2,200.0,0.3,0.3,200
15,430.8749999999999,1.3552879972742296,2,200.0,0.3,0.3,200
25,439.1666666666664,11.313708498984761,2,200.0,0.3,0.3,200
32,426.24999999999966,6.717514421272162,2,200.0,0.3,0.3,200
35,428.91666666666606,9.545941546018351,2,200.0,0.3,0.3,200
36,431.7916666666663,26.92898325018767,2,200.0,0.3,0.3,200
40,426.6666666666663,15.792051446499547,2,200.0,0.3,0.3,200
65,432.24999999999983,8.249579113843028,2,200.0,0.3,0.3,200
87,310.42777777777775,14.42469269202128,3,200.0,0.3,0.3,200
89,434.83333333333303,5.421151989096878,2,200.0,0.3,0.3,200
93,427.6666666666664,0.11785113019777133,2,200.0,0.3,0.3,200
120,441.03333333333296,8.838834764831804,2,200.0,0.3,0.3,200
122,430.16666666666634,27.812866726670816,2,200.0,0.3,0.3,200
138,431.83333333333286,0.5892556509888164,2,200.0,0.3,0.3,200
143,434.33333333333303,28.87352689845064,2,200.0,0.3,0.3,200
147,426.2916666666662,13.611805537841079,2,200.0,0.3,0.3,200
148,311.34444444444426,2.7263291016254354,3,200.0,0.3,0.3,200
156,430.9999999999997,12.138666410368959,2,200.0,0.3,0.3,200
164,430.1166666666662,10.606601717798092,2,200.0,0.3,0.3,200
167,429.53333333333313,11.785113019775766,2,200.0,0.3,0.3,200
179,431.49999999999955,1.88561808316414,2,200.0,0.3,0.3,200
5,396.7499999999999,14.849242404917497,2,200.0,0.4,0.4,200
7,291.87777777777814,6.520828452252262,3,200.0,0.4,0.4,200
8,389.44999999999965,9.54594154601831,2,200.0,0.4,0.4,200
26,384.08333333333314,9.074537025227226,2,200.0,0.4,0.4,200
67,386.57499999999965,17.972297355157977,2,200.0,0.4,0.4,200
68,380.74166666666645,15.968828141796186,2,200.0,0.4,0.4,200
71,394.2499999999996,4.831896338107941,2,200.0,0.4,0.4,200
73,295.02777777777783,7.570196191009011,3,200.0,0.4,0.4,200
81,389.2916666666664,14.672465709620901,2,200.0,0.4,0.4,200
88,292.25000000000006,12.347379389075824,3,200.0,0.4,0.4,200
100,394.6666666666666,3.77123616632828,2,200.0,0.4,0.4,200
108,233.7291666666675,4.055389075730645,4,200.0,0.4,0.4,200
113,376.5749999999997,2.8873526898450956,2,200.0,0.4,0.4,200
119,390.99999999999955,15.084944665313,2,200.0,0.4,0.4,200
120,395.33333333333314,1.414213562373055,2,200.0,0.4,0.4,200
126,395.91666666666646,4.360491817317016,2,200.0,0.4,0.4,200
151,395.58333333333303,8.013876853447524,2,200.0,0.4,0.4,200
12,334.51666666666677,4.030508652763353,2,200.0,0.5,0.5,200
15,345.9583333333333,16.55808379278504,2,200.0,0.5,0.5,200
16,335.8499999999999,17.465537495307675,2,200.0,0.5,0.5,200
25,339.08333333333314,32.17335854398787,2,200.0,0.5,0.5,200
31,348.26666666666654,22.297433833415777,2,200.0,0.5,0.5,200
37,339.08333333333326,27.105759945484227,2,200.0,0.5,0.5,200
40,340.69999999999993,19.209734222234474,2,200.0,0.5,0.5,200
48,339.41666666666646,14.613540144521874,2,200.0,0.5,0.5,200
51,346.8333333333332,9.42809041582058,2,200.0,0.5,0.5,200
63,336.4083333333332,0.7660323462854131,2,200.0,0.5,0.5,200
77,336.04999999999995,28.07213921310585,2,200.0,0.5,0.5,200
113,323.075,5.597928684393475,2,200.0,0.5,0.5,200
115,342.2083333333333,18.090148485355787,2,200.0,0.5,0.5,200
122,267.6500000000005,11.554520519884878,3,200.0,0.5,0.5,200
131,335.74166666666645,13.61180553784096,2,200.0,0.5,0.5,200
140,345.52499999999986,23.98270499524375,2,200.0,0.5,0.5,200
185,319.8333333333333,6.953216681667745,2,200.0,0.5,0.5,200
200,271.9888888888891,3.050880261558923,3,200.0,0.5,0.5,200
13,293.00000000000006,19.327585352432166,2,200.0,0.6,0.6,200
15,296.08333333333337,1.0606601717798614,2,200.0,0.6,0.6,200
47,290.2500000000001,3.4176827757349666,2,200.0,0.6,0.6,200
48,282.60833333333335,7.719249027953118,2,200.0,0.6,0.6,200
50,235.93888888888912,10.4761148085291,3,200.0,0.6,0.6,200
62,227.80555555555583,1.3750084174826869,3,200.0,0.6,0.6,200
63,289.0333333333333,11.078006238589218,2,200.0,0.6,0.6,200
64,284.1583333333334,15.026019100214015,2,200.0,0.6,0.6,200
73,269.4500000000001,8.131727983645296,2,200.0,0.6,0.6,200
76,292.91666666666674,4.124789556921514,2,200.0,0.6,0.6,200
80,291.66666666666674,5.303300858899147,2,200.0,0.6,0.6,200
89,290.08333333333337,9.192388155425117,2,200.0,0.6,0.6,200
90,277.1250000000001,0.1767766952966369,2,200.0,0.6,0.6,200
94,292.1166666666668,0.11785113019773112,2,200.0,0.6,0.6,200
101,278.95833333333337,19.975766568519887,2,200.0,0.6,0.6,200
106,273.35,0.7306770072260375,2,200.0,0.6,0.6,200
127,286.0416666666667,1.7088413878675435,2,200.0,0.6,0.6,200
163,283.54166666666674,15.497423621005058,2,200.0,0.6,0.6,200
175,284.0750000000001,0.6481812160877222,2,200.0,0.6,0.6,200
188,289.2083333333333,17.1473394437737,2,200.0,0.6,0.6,200
195,282.16666666666674,14.731391274719728,2,200.0,0.6,0.6,200
10,226.1666666666667,9.899494936611665,2,200.0,0.7,0.7,200
24,229.10833333333343,11.7261874546769,2,200.0,0.7,0.7,200
33,222.58333333333343,3.0641293851417126,2,200.0,0.7,0.7,200
40,228.65833333333336,9.95842050171051,2,200.0,0.7,0.7,200
42,220.43333333333334,15.697770542341367,2,200.0,0.7,0.7,200
43,212.03333333333353,12.727922061357896,2,200.0,0.7,0.7,200
47,220.20833333333348,6.776439986371088,2,200.0,0.7,0.7,200
80,198.65000000000012,8.29228222170742,3,200.0,0.7,0.7,200
83,230.95833333333343,5.951482074986808,2,200.0,0.7,0.7,200
98,217.9916666666668,9.369164850721775,2,200.0,0.7,0.7,200
109,223.46666666666678,12.350798444725012,2,200.0,0.7,0.7,200
116,230.5833333333334,11.549410759380303,2,200.0,0.7,0.7,200
117,224.54166666666674,1.590990257669752,2,200.0,0.7,0.7,200
148,210.29166666666674,10.78337841309483,2,200.0,0.7,0.7,200
177,222.06666666666678,16.9705627484772,2,200.0,0.7,0.7,200
185,209.6666666666667,7.306770072260978,2,200.0,0.7,0.7,200
186,230.99166666666684,6.187184335382231,2,200.0,0.7,0.7,200
194,218.50000000000014,4.242640687119285,2,200.0,0.7,0.7,200
23,154.54166666666669,3.9480128616249375,2,200.0,0.8,0.8,200
33,147.1583333333333,1.3552879972742495,2,200.0,0.8,0.8,200
50,158.24166666666667,0.7660323462854131,2,200.0,0.8,0.8,200
58,157.20833333333334,5.126524163602469,2,200.0,0.8,0.8,200
87,139.72777777777776,10.492342887041955,3,200.0,0.8,0.8,200
101,152.20833333333334,4.419417382415922,2,200.0,0.8,0.8,200
111,151.22499999999997,11.70261722863735,2,200.0,0.8,0.8,200
117,162.625,18.679404136344665,2,200.0,0.8,0.8,200
121,162.45833333333334,6.894291116568879,2,200.0,0.8,0.8,200
123,146.79166666666666,3.4766083408338724,2,200.0,0.8,0.8,200
127,154.625,6.187184335382311,2,200.0,0.8,0.8,200
136,129.9166666666666,9.510564301519286,3,200.0,0.8,0.8,200
142,152.74166666666667,8.426355809139665,2,200.0,0.8,0.8,200
156,148.99166666666665,10.78337841309489,2,200.0,0.8,0.8,200
160,159.16666666666669,9.899494936611646,2,200.0,0.8,0.8,200
187,154.41666666666669,7.7781745930520225,2,200.0,0.8,0.8,200
193,160.50000000000003,8.249579113843067,2,200.0,0.8,0.8,200
200,157.33333333333337,7.660323462854271,2,200.0,0.8,0.8,200
23,66.01666666666667,6.693944195232646,2,200.0,0.9,0.9,200
34,76.64166666666668,1.7324116139070433,2,200.0,0.9,0.9,200
65,82.125,4.065863991822648,2,200.0,0.9,0.9,200
70,81.29166666666666,0.7660323462854232,2,200.0,0.9,0.9,200
73,82.12499999999999,2.8873526898450756,2,200.0,0.9,0.9,200
77,75.17083333333332,5.0342967253151105,4,200.0,0.9,0.9,200
78,85.33333333333334,11.078006238589248,2,200.0,0.9,0.9,200
80,79.66666666666666,10.37089945740269,2,200.0,0.9,0.9,200
93,85.08333333333331,18.266925180652457,2,200.0,0.9,0.9,200
107,78.45833333333331,0.4124789556921494,2,200.0,0.9,0.9,200
119,82.25,4.7140452079103206,2,200.0,0.9,0.9,200
124,75.54166666666666,2.2980970388562696,2,200.0,0.9,0.9,200
125,77.975,9.227743494484432,2,200.0,0.9,0.9,200
145,84.54166666666666,1.7088413878675033,2,200.0,0.9,0.9,200
149,72.75,1.532064692570836,2,200.0,0.9,0.9,200
151,86.70833333333334,0.4124789556921494,2,200.0,0.9,0.9,200
157,82.0,7.424621202458739,2,200.0,0.9,0.9,200
164,80.875,2.2980970388562794,2,200.0,0.9,0.9,200
186,77.70833333333334,3.948012861624887,2,200.0,0.9,0.9,200
192,75.24999999999999,3.299831645537215,2,200.0,0.9,0.9,200
200,82.54166666666667,12.197591975467946,2,200.0,0.9,0.9,200
