value,m,s,n,arms,epsilon,scaled_1,players,repeat,m_per_player,best_arm_mean
0.0,1315.0818579470897,52.59310106497591,28.0,5.0,0.1,50.0,101.0,0.0,13.02061245492168,90.16928835619362
1.0,1547.279102522879,23.203416460773667,4.0,5.0,0.1,50.0,101.0,0.0,15.31959507448395,90.16928835619362
2.0,1389.602314814354,50.388860965270744,62.0,5.0,0.1,50.0,101.0,0.0,13.758438760538159,90.16928835619362
3.0,1628.2660703591507,67.17845580869417,5.0,5.0,0.1,50.0,101.0,0.0,16.12144624117971,90.16928835619362
4.0,1328.0608697892746,235.63197262930913,2.0,5.0,0.1,50.0,101.0,0.0,13.149117522666085,90.16928835619362
0.0,2831.1952574662528,215.0822287741188,13.0,5.0,0.1,50.0,101.0,1.0,28.031636212537155,96.5662667520282
1.0,2750.4807080631053,49.22751967679804,33.0,5.0,0.1,50.0,101.0,1.0,27.23248225805055,96.5662667520282
2.0,2789.8794099563866,51.67154335286072,32.0,5.0,0.1,50.0,101.0,1.0,27.622568415409766,96.5662667520282
3.0,3071.9971533463404,101.94253185730639,4.0,5.0,0.1,50.0,101.0,1.0,30.415813399468718,96.5662667520282
4.0,2643.672798488325,119.45594592633907,19.0,5.0,0.1,50.0,101.0,1.0,26.174978202854703,96.5662667520282
0.0,2856.945770024999,377.37289260795984,6.0,5.0,0.1,50.0,101.0,2.0,28.286591782425734,90.05579280598762
1.0,2675.0804325557483,46.123005974334184,28.0,5.0,0.1,50.0,101.0,2.0,26.48594487678959,90.05579280598762
2.0,2609.888305482122,107.96577041797288,26.0,5.0,0.1,50.0,101.0,2.0,25.84047827210022,90.05579280598762
3.0,2641.5135231122636,38.647798838070955,32.0,5.0,0.1,50.0,101.0,2.0,26.153599238735282,90.05579280598762
4.0,2784.7671698807426,170.8392532471964,9.0,5.0,0.1,50.0,101.0,2.0,27.571952177037055,90.05579280598762
0.0,2252.571271556003,84.48418899886816,8.0,5.0,0.2,25.0,101.0,0.0,22.302685856990127,92.5739362200234
2.0,2092.5436072133493,130.73345457324876,32.0,5.0,0.2,25.0,101.0,0.0,20.718253536765836,92.5739362200234
3.0,2143.237202850035,101.84151692430906,38.0,5.0,0.2,25.0,101.0,0.0,21.22017032524787,92.5739362200234
4.0,2022.1727346359658,225.57996405756973,23.0,5.0,0.2,25.0,101.0,0.0,20.021512224118474,92.5739362200234
0.0,2499.4996313833035,152.6678467370381,32.0,5.0,0.2,25.0,101.0,1.0,24.747521102804985,91.15619587808841
1.0,2593.6871883586373,153.94868635532492,9.0,5.0,0.2,25.0,101.0,1.0,25.680071171867695,91.15619587808841
2.0,2449.9752012985437,194.7594260520225,29.0,5.0,0.2,25.0,101.0,1.0,24.25718021087667,91.15619587808841
3.0,2491.6945939488137,140.51727751006757,28.0,5.0,0.2,25.0,101.0,1.0,24.6702435044437,91.15619587808841
4.0,2535.2330763613995,314.4376373869302,3.0,5.0,0.2,25.0,101.0,1.0,25.101317587736627,91.15619587808841
0.0,1486.4314173011594,174.22118002075794,24.0,5.0,0.2,25.0,101.0,2.0,14.717142745556034,92.7014406809949
1.0,1616.4350654909153,202.83738722117673,2.0,5.0,0.2,25.0,101.0,2.0,16.004307579117974,92.7014406809949
2.0,1612.9213839341226,91.09651198712093,51.0,5.0,0.2,25.0,101.0,2.0,15.969518652813095,92.7014406809949
3.0,1458.8550795906685,129.1979207238308,19.0,5.0,0.2,25.0,101.0,2.0,14.44410969891751,92.7014406809949
4.0,1604.791634133873,209.0654581777484,5.0,5.0,0.2,25.0,101.0,2.0,15.889026080533396,92.7014406809949
0.0,1818.7234094184548,278.43394077248155,19.0,5.0,0.4,12.5,101.0,0.0,18.00716246948965,86.17747469833347
1.0,1819.545471659558,195.16249787600347,37.0,5.0,0.4,12.5,101.0,0.0,18.015301699599583,86.17747469833347
2.0,1832.7062178783383,257.4533384502248,11.0,5.0,0.4,12.5,101.0,0.0,18.14560611760731,86.17747469833347
3.0,1893.143606980298,217.22390058384443,8.0,5.0,0.4,12.5,101.0,0.0,18.743996108715823,86.17747469833347
4.0,1843.0570075739904,225.75976983660462,26.0,5.0,0.4,12.5,101.0,0.0,18.248089183900895,86.17747469833347
0.0,1129.2411985859578,203.4009818363864,4.0,5.0,0.4,12.5,101.0,1.0,11.180605926593643,90.41523880637794
2.0,1272.8338374654886,194.9014525996166,39.0,5.0,0.4,12.5,101.0,1.0,12.60231522243058,90.41523880637794
3.0,1310.0084061578289,170.76368259081227,58.0,5.0,0.4,12.5,101.0,1.0,12.970380258988405,90.41523880637794
0.0,1901.0507704783897,158.56183074195965,31.0,5.0,0.4,12.5,101.0,2.0,18.822284856221682,80.7853499013496
1.0,1867.3718950044483,185.70013467077464,30.0,5.0,0.4,12.5,101.0,2.0,18.4888306436084,80.7853499013496
2.0,1942.916977922461,130.4960619898894,13.0,5.0,0.4,12.5,101.0,2.0,19.236801761608525,80.7853499013496
3.0,1806.6527860718297,259.71581556695094,5.0,5.0,0.4,12.5,101.0,2.0,17.88765134724584,80.7853499013496
4.0,1732.5616184946564,262.69598457106747,22.0,5.0,0.4,12.5,101.0,2.0,17.154075430640162,80.7853499013496
0.0,1276.8028136611335,160.9097526882536,28.0,5.0,0.8,6.25,101.0,0.0,12.641612016446867,93.57917030192844
1.0,1204.2008017396404,170.78704019998372,7.0,5.0,0.8,6.25,101.0,0.0,11.922780215243964,93.57917030192844
3.0,1334.3229522107306,122.98536090874981,36.0,5.0,0.8,6.25,101.0,0.0,13.211118338720105,93.57917030192844
4.0,1308.7879463000957,152.56943819101932,30.0,5.0,0.8,6.25,101.0,0.0,12.958296498020749,93.57917030192844
2.0,806.3877718006693,42.4824508497953,6.0,5.0,0.8,6.25,101.0,1.0,7.984037344561082,85.8822373271868
3.0,893.0375218703367,66.52873454756258,95.0,5.0,0.8,6.25,101.0,1.0,8.841955662082542,85.8822373271868
0.0,1042.519357097579,74.38690350392478,84.0,5.0,0.8,6.25,101.0,2.0,10.321973832649297,96.571775400874
3.0,905.8285954231095,71.50477732221002,17.0,5.0,0.8,6.25,101.0,2.0,8.968599954684253,96.571775400874
0.0,4801.1852035538805,491.4617711622933,10.0,10.0,0.1,100.0,101.0,0.0,47.53648716389981,89.3212984287542
1.0,4850.582905292663,140.845721891754,10.0,10.0,0.1,100.0,101.0,0.0,48.02557331972933,89.3212984287542
2.0,4747.834090254279,352.97649423804893,16.0,10.0,0.1,100.0,101.0,0.0,47.008258319349295,89.3212984287542
3.0,4924.979110616096,438.77429136021465,12.0,10.0,0.1,100.0,101.0,0.0,48.76216941204055,89.3212984287542
4.0,7025.699024027766,0.0,1.0,10.0,0.1,100.0,101.0,0.0,69.56137647552244,89.3212984287542
5.0,4833.039392903908,197.20459980794055,11.0,10.0,0.1,100.0,101.0,0.0,47.85187517726642,89.3212984287542
6.0,4639.137566285689,468.58325141855215,17.0,10.0,0.1,100.0,101.0,0.0,45.932055111739494,89.3212984287542
7.0,5389.146290006775,162.34955972064736,7.0,10.0,0.1,100.0,101.0,0.0,53.35788405947302,89.3212984287542
8.0,5204.627465651833,680.3939200511696,6.0,10.0,0.1,100.0,101.0,0.0,51.53096500645379,89.3212984287542
9.0,4547.817593246598,538.0468530646664,11.0,10.0,0.1,100.0,101.0,0.0,45.02789696283761,89.3212984287542
0.0,3892.8422986584974,211.03047337232223,13.0,10.0,0.1,100.0,101.0,1.0,38.54299305602473,98.86124856872786
1.0,3850.9547072904716,182.8775775400886,18.0,10.0,0.1,100.0,101.0,1.0,38.12826442861853,98.86124856872786
2.0,3694.574385046167,320.45696742517447,12.0,10.0,0.1,100.0,101.0,1.0,36.57994440639769,98.86124856872786
3.0,5044.078690590427,0.0,1.0,10.0,0.1,100.0,101.0,1.0,49.94137317416264,98.86124856872786
4.0,3905.359691541015,312.89086631393207,22.0,10.0,0.1,100.0,101.0,1.0,38.666927639019946,98.86124856872786
5.0,4129.989355404532,436.4252873158576,4.0,10.0,0.1,100.0,101.0,1.0,40.890983716876555,98.86124856872786
6.0,4097.356619708581,162.99811184178165,11.0,10.0,0.1,100.0,101.0,1.0,40.56788732384734,98.86124856872786
7.0,3737.5242036763048,891.5796738578746,9.0,10.0,0.1,100.0,101.0,1.0,37.00519013540896,98.86124856872786
8.0,4080.8145140356078,285.20676337383543,8.0,10.0,0.1,100.0,101.0,1.0,40.404104099362456,98.86124856872786
9.0,4606.687367506272,167.1092570414813,3.0,10.0,0.1,100.0,101.0,1.0,45.61076601491358,98.86124856872786
0.0,3521.9764684752645,227.9345409516497,18.0,10.0,0.1,100.0,101.0,2.0,34.87105414331945,74.48746038380216
1.0,3417.7540896895025,586.3073146322403,14.0,10.0,0.1,100.0,101.0,2.0,33.83914940286636,74.48746038380216
2.0,3246.501351327579,679.1594240691636,19.0,10.0,0.1,100.0,101.0,2.0,32.14357773591662,74.48746038380216
3.0,4015.1461769710913,629.3743084874711,4.0,10.0,0.1,100.0,101.0,2.0,39.75392254426823,74.48746038380216
4.0,3690.2162841910913,372.1578801421801,7.0,10.0,0.1,100.0,101.0,2.0,36.5367948929811,74.48746038380216
5.0,3322.8134374811675,319.4297731819635,14.0,10.0,0.1,100.0,101.0,2.0,32.89914294535809,74.48746038380216
7.0,3589.2006487901795,326.0801362586677,8.0,10.0,0.1,100.0,101.0,2.0,35.53664008703148,74.48746038380216
8.0,4397.490956808967,339.6364797364029,4.0,10.0,0.1,100.0,101.0,2.0,43.53951442385116,74.48746038380216
9.0,3541.1307578767446,209.40216489447985,13.0,10.0,0.1,100.0,101.0,2.0,35.060700573037074,74.48746038380216
0.0,4213.513735514056,553.8274335838001,10.0,10.0,0.2,50.0,101.0,0.0,41.71795777736689,97.88230178807544
2.0,4722.5846151764335,429.1353533367296,5.0,10.0,0.2,50.0,101.0,0.0,46.758263516598355,97.88230178807544
3.0,4413.343888556009,345.830628813965,7.0,10.0,0.2,50.0,101.0,0.0,43.6964741441189,97.88230178807544
4.0,3930.197231055638,437.8530990043508,14.0,10.0,0.2,50.0,101.0,0.0,38.912843871838,97.88230178807544
5.0,3991.6776078906682,379.3653589948998,19.0,10.0,0.2,50.0,101.0,0.0,39.521560474165035,97.88230178807544
6.0,4043.950215314396,349.1535764369162,14.0,10.0,0.2,50.0,101.0,0.0,40.03911104271679,97.88230178807544
7.0,3948.6265619517067,446.2881169920121,16.0,10.0,0.2,50.0,101.0,0.0,39.09531249457135,97.88230178807544
8.0,3777.4199974743024,721.0301772451342,16.0,10.0,0.2,50.0,101.0,0.0,37.40019799479507,97.88230178807544
0.0,3955.7329409624845,319.96261929468017,19.0,10.0,0.2,50.0,101.0,1.0,39.165672682796874,93.08344987990421
1.0,4509.29980834791,0.0,1.0,10.0,0.2,50.0,101.0,1.0,44.6465327559199,93.08344987990421
2.0,4232.44222725609,557.0587547225404,6.0,10.0,0.2,50.0,101.0,1.0,41.90536858669395,93.08344987990421
3.0,4134.460021038045,275.6531059324567,11.0,10.0,0.2,50.0,101.0,1.0,40.93524773304995,93.08344987990421
4.0,3750.979367853087,479.8872441679551,16.0,10.0,0.2,50.0,101.0,1.0,37.13840958270383,93.08344987990421
5.0,3907.43324247966,503.6718198990792,15.0,10.0,0.2,50.0,101.0,1.0,38.68745784633327,93.08344987990421
6.0,3872.5493669555285,448.31878796050563,15.0,10.0,0.2,50.0,101.0,1.0,38.34207294015375,93.08344987990421
7.0,4354.109007558132,133.2173187792969,4.0,10.0,0.2,50.0,101.0,1.0,43.109990173842895,93.08344987990421
8.0,4901.443835002283,175.172921431234,3.0,10.0,0.2,50.0,101.0,1.0,48.52914688121072,93.08344987990421
9.0,3638.989712780985,312.10604868021767,11.0,10.0,0.2,50.0,101.0,1.0,36.02960111664341,93.08344987990421
0.0,3730.9874600356216,271.9172705811765,10.0,10.0,0.2,50.0,101.0,2.0,36.94046990134279,75.95276532269949
1.0,3635.129409935893,464.37815497621153,17.0,10.0,0.2,50.0,101.0,2.0,35.99138029639498,75.95276532269949
2.0,3801.588878367621,282.74182686848917,8.0,10.0,0.2,50.0,101.0,2.0,37.63949384522397,75.95276532269949
3.0,3620.048796677806,248.97128370970987,16.0,10.0,0.2,50.0,101.0,2.0,35.84206729383966,75.95276532269949
4.0,3849.97609881863,345.76315423473676,8.0,10.0,0.2,50.0,101.0,2.0,38.11857523582802,75.95276532269949
5.0,3737.7516962412355,246.4109766245488,10.0,10.0,0.2,50.0,101.0,2.0,37.00744253704194,75.95276532269949
6.0,4069.194836106516,394.0280374005741,5.0,10.0,0.2,50.0,101.0,2.0,40.289057783232835,75.95276532269949
7.0,3662.044464222637,280.70146668995267,14.0,10.0,0.2,50.0,101.0,2.0,36.25786598240235,75.95276532269949
8.0,3631.8203857174813,329.4121290841087,13.0,10.0,0.2,50.0,101.0,2.0,35.9586176803711,75.95276532269949
1.0,3310.1807738462253,709.8098129527111,7.0,10.0,0.4,25.0,101.0,0.0,32.77406706778441,95.25881390446632
2.0,2803.9484135158436,1800.7109066823853,2.0,10.0,0.4,25.0,101.0,0.0,27.76186548035489,95.25881390446632
3.0,3447.822228519783,1008.2860463016099,4.0,10.0,0.4,25.0,101.0,0.0,34.13685374772062,95.25881390446632
4.0,3164.1805997353035,659.2670561738302,17.0,10.0,0.4,25.0,101.0,0.0,31.32852078945845,95.25881390446632
5.0,3290.462342018887,761.0811520407137,15.0,10.0,0.4,25.0,101.0,0.0,32.57883506949393,95.25881390446632
6.0,3557.8557091104067,259.26849806546676,11.0,10.0,0.4,25.0,101.0,0.0,35.22629414960799,95.25881390446632
7.0,3229.4122547447646,596.8132487005342,19.0,10.0,0.4,25.0,101.0,0.0,31.974378759849156,95.25881390446632
8.0,3167.687627456517,441.8497121647561,18.0,10.0,0.4,25.0,101.0,0.0,31.36324383620314,95.25881390446632
9.0,2925.9940049408756,704.4069061198741,8.0,10.0,0.4,25.0,101.0,0.0,28.970237672681936,95.25881390446632
0.0,3375.8362400807187,558.0541640959233,8.0,10.0,0.4,25.0,101.0,1.0,33.42412118891801,92.35257346920953
1.0,3053.3561384200075,582.7445652641585,19.0,10.0,0.4,25.0,101.0,1.0,30.2312488952476,92.35257346920953
2.0,3386.1472974903177,581.1263704261738,12.0,10.0,0.4,25.0,101.0,1.0,33.52621086624077,92.35257346920953
3.0,3591.3354864606063,592.1353872120828,2.0,10.0,0.4,25.0,101.0,1.0,35.55777709366937,92.35257346920953
4.0,3067.5562302765875,918.7117539846847,15.0,10.0,0.4,25.0,101.0,1.0,30.371843864124628,92.35257346920953
5.0,3231.4458921709174,529.6365988143637,15.0,10.0,0.4,25.0,101.0,1.0,31.99451378387047,92.35257346920953
7.0,2947.171746791823,536.8908335447729,19.0,10.0,0.4,25.0,101.0,1.0,29.179918285067554,92.35257346920953
8.0,3376.899125577813,384.1317093687946,11.0,10.0,0.4,25.0,101.0,1.0,33.43464480770112,92.35257346920953
1.0,3167.808889236914,605.2632140477766,10.0,10.0,0.4,25.0,101.0,2.0,31.36444444789024,89.99226715080214
2.0,3352.1041398432944,624.300127082986,16.0,10.0,0.4,25.0,101.0,2.0,33.18914989943856,89.99226715080214
3.0,3433.1556976697925,465.43803414947985,9.0,10.0,0.4,25.0,101.0,2.0,33.99164057098805,89.99226715080214
4.0,3565.271314543101,428.57071912280827,9.0,10.0,0.4,25.0,101.0,2.0,35.29971598557526,89.99226715080214
5.0,3174.145357932679,670.3627150445052,16.0,10.0,0.4,25.0,101.0,2.0,31.427181761709694,89.99226715080214
6.0,3212.89549870031,646.5558173654528,15.0,10.0,0.4,25.0,101.0,2.0,31.810846521785248,89.99226715080214
7.0,3874.859157946243,573.3962031234878,4.0,10.0,0.4,25.0,101.0,2.0,38.3649421578836,89.99226715080214
8.0,3676.1533550136146,737.0118611641192,4.0,10.0,0.4,25.0,101.0,2.0,36.397557970431826,89.99226715080214
9.0,3238.774983379905,421.2190479836173,18.0,10.0,0.4,25.0,101.0,2.0,32.067079043365396,89.99226715080214
2.0,1599.4812801709907,111.2995150838341,5.0,10.0,0.8,12.5,101.0,0.0,15.83644831852466,97.95896111169809
3.0,1591.3879226283034,266.632086538249,19.0,10.0,0.8,12.5,101.0,0.0,15.756316065626766,97.95896111169809
4.0,1642.6332492523638,260.5451604019728,18.0,10.0,0.8,12.5,101.0,0.0,16.263695537152117,97.95896111169809
5.0,1603.8202058572704,376.55664795392454,5.0,10.0,0.8,12.5,101.0,0.0,15.879407978784855,97.95896111169809
6.0,1745.1426455914561,290.2427906898669,21.0,10.0,0.8,12.5,101.0,0.0,17.278640055360952,97.95896111169809
8.0,1696.2376893259864,289.97108962853275,27.0,10.0,0.8,12.5,101.0,0.0,16.794432567584025,97.95896111169809
9.0,1662.61441998218,233.21076819354596,6.0,10.0,0.8,12.5,101.0,0.0,16.46152891071465,97.95896111169809
1.0,1360.3715498069575,151.63981830400962,6.0,10.0,0.8,12.5,101.0,1.0,13.469025245613441,99.44241294068732
2.0,1358.036038308049,244.31243816072455,25.0,10.0,0.8,12.5,101.0,1.0,13.445901369386624,99.44241294068732
3.0,1370.1438046653896,252.99471420150542,10.0,10.0,0.8,12.5,101.0,1.0,13.565780244211778,99.44241294068732
4.0,1461.8865387463761,220.18245815453122,45.0,10.0,0.8,12.5,101.0,1.0,14.474124146003724,99.44241294068732
6.0,1393.9909932907021,209.48822688308647,15.0,10.0,0.8,12.5,101.0,1.0,13.80189102268022,99.44241294068732
1.0,1376.0078868370333,216.22431662490314,44.0,10.0,0.8,12.5,101.0,2.0,13.623840463733004,98.3931347694834
2.0,1453.4997195071983,231.1230426097413,39.0,10.0,0.8,12.5,101.0,2.0,14.391086331754439,98.3931347694834
3.0,1386.317352057385,184.4027104125974,11.0,10.0,0.8,12.5,101.0,2.0,13.725914376805793,98.3931347694834
9.0,1397.3175624427572,347.7230575617099,7.0,10.0,0.8,12.5,101.0,2.0,13.834827350918388,98.3931347694834
0.0,7020.135206735749,0.0,1.0,20.0,0.1,200.0,101.0,0.0,69.50628917560148,98.9581348000072
1.0,10338.827478180277,438.54796611266414,2.0,20.0,0.1,200.0,101.0,0.0,102.36462849683443,98.9581348000072
2.0,8079.321690589249,666.3648397326566,5.0,20.0,0.1,200.0,101.0,0.0,79.99328406524009,98.9581348000072
3.0,8291.605558474992,492.2417565160863,6.0,20.0,0.1,200.0,101.0,0.0,82.09510453935636,98.9581348000072
4.0,7975.139778785648,442.5608652594163,7.0,20.0,0.1,200.0,101.0,0.0,78.96177998797671,98.9581348000072
5.0,7147.24254521456,1507.0552524690272,7.0,20.0,0.1,200.0,101.0,0.0,70.76477767539168,98.9581348000072
6.0,8299.032391763854,634.5909556655436,5.0,20.0,0.1,200.0,101.0,0.0,82.16863754221637,98.9581348000072
7.0,9909.372068414745,382.62359416571525,3.0,20.0,0.1,200.0,101.0,0.0,98.11259473677966,98.9581348000072
8.0,7602.873812545878,806.6166431284516,10.0,20.0,0.1,200.0,101.0,0.0,75.27597834203839,98.9581348000072
9.0,7565.543933344352,1375.2906685654539,9.0,20.0,0.1,200.0,101.0,0.0,74.90637557766685,98.9581348000072
11.0,8865.592465763442,387.76194292207913,5.0,20.0,0.1,200.0,101.0,0.0,87.77814322538062,98.9581348000072
12.0,8365.615687107877,1462.180597237083,4.0,20.0,0.1,200.0,101.0,0.0,82.827878090177,98.9581348000072
13.0,11441.626957537526,1030.3614820002774,2.0,20.0,0.1,200.0,101.0,0.0,113.28343522314383,98.9581348000072
14.0,9454.379791353782,451.40117189717614,4.0,20.0,0.1,200.0,101.0,0.0,93.60772070647309,98.9581348000072
15.0,7360.888507657842,1042.7765197106053,7.0,20.0,0.1,200.0,101.0,0.0,72.88008423423605,98.9581348000072
16.0,7118.292156730868,1610.3740628325263,11.0,20.0,0.1,200.0,101.0,0.0,70.47814016565215,98.9581348000072
17.0,8198.971995670816,585.7588577277558,6.0,20.0,0.1,200.0,101.0,0.0,81.1779405511962,98.9581348000072
18.0,11272.369070190513,435.3824848004777,3.0,20.0,0.1,200.0,101.0,0.0,111.6076145563417,98.9581348000072
19.0,9372.733089146403,402.4846466691666,4.0,20.0,0.1,200.0,101.0,0.0,92.79933751630101,98.9581348000072
0.0,8852.300582364525,681.1206022937872,4.0,20.0,0.1,200.0,101.0,1.0,87.64654041945074,92.96130179849632
1.0,6928.326952627631,1424.9308886432245,10.0,20.0,0.1,200.0,101.0,1.0,68.5972965606696,92.96130179849632
3.0,6353.832060495793,1636.607556343715,10.0,20.0,0.1,200.0,101.0,1.0,62.90922832174052,92.96130179849632
4.0,9983.881029684493,661.3980474810274,3.0,20.0,0.1,200.0,101.0,1.0,98.85030722459894,92.96130179849632
5.0,8256.6603509315,988.6371470188077,3.0,20.0,0.1,200.0,101.0,1.0,81.74911238546039,92.96130179849632
6.0,12064.015530219873,0.0,1.0,20.0,0.1,200.0,101.0,1.0,119.44569831900864,92.96130179849632
7.0,6521.245960690765,1639.3625818877008,10.0,20.0,0.1,200.0,101.0,1.0,64.56679169000758,92.96130179849632
8.0,6954.307704084532,1216.7719761689557,9.0,20.0,0.1,200.0,101.0,1.0,68.85453172360923,92.96130179849632
9.0,11734.258535046343,1666.396604574562,2.0,20.0,0.1,200.0,101.0,1.0,116.18077757471627,92.96130179849632
11.0,5802.956559438519,1316.8040414807924,9.0,20.0,0.1,200.0,101.0,1.0,57.45501543998534,92.96130179849632
12.0,10127.829404257265,424.2927000370996,3.0,20.0,0.1,200.0,101.0,1.0,100.27553865601253,92.96130179849632
13.0,8506.785846396377,718.1871829227567,5.0,20.0,0.1,200.0,101.0,1.0,84.22560243956809,92.96130179849632
14.0,7377.959761263372,632.4985467731899,7.0,20.0,0.1,200.0,101.0,1.0,73.0491065471621,92.96130179849632
15.0,7817.29174301924,935.5482675448777,5.0,20.0,0.1,200.0,101.0,1.0,77.39892814870535,92.96130179849632
17.0,7388.938202177343,627.7490704565719,6.0,20.0,0.1,200.0,101.0,1.0,73.15780398195389,92.96130179849632
18.0,7645.035866447267,830.6649663702656,6.0,20.0,0.1,200.0,101.0,1.0,75.69342442026996,92.96130179849632
19.0,7168.396869544544,954.3709008164592,8.0,20.0,0.1,200.0,101.0,1.0,70.9742264311341,92.96130179849632
0.0,6599.040032737784,1382.9040733595243,6.0,20.0,0.1,200.0,101.0,2.0,65.33703002710676,95.37645455435994
1.0,5635.218251540798,1457.258230404952,9.0,20.0,0.1,200.0,101.0,2.0,55.79424011426532,95.37645455435994
2.0,4761.720743920069,2028.678650638361,13.0,20.0,0.1,200.0,101.0,2.0,47.14574993980266,95.37645455435994
3.0,5975.995139287921,1661.8639586738918,9.0,20.0,0.1,200.0,101.0,2.0,59.168268705821,95.37645455435994
4.0,10556.220224752793,0.0,1.0,20.0,0.1,200.0,101.0,2.0,104.51703192824547,95.37645455435994
5.0,5924.59209271012,1957.5067105989058,8.0,20.0,0.1,200.0,101.0,2.0,58.659327650595245,95.37645455435994
7.0,8555.441840510492,1614.8258008438388,3.0,20.0,0.1,200.0,101.0,2.0,84.70734495554942,95.37645455435994
9.0,8953.518055818202,757.346488549979,4.0,20.0,0.1,200.0,101.0,2.0,88.6486936219624,95.37645455435994
10.0,5914.3005123068515,1789.281441614017,8.0,20.0,0.1,200.0,101.0,2.0,58.55743081491932,95.37645455435994
12.0,5745.9700578403945,1800.7277500637229,9.0,20.0,0.1,200.0,101.0,2.0,56.89079265188509,95.37645455435994
13.0,6699.931266923906,546.0188207449265,7.0,20.0,0.1,200.0,101.0,2.0,66.33595313786046,95.37645455435994
14.0,7962.814245183836,921.3937622305431,5.0,20.0,0.1,200.0,101.0,2.0,78.83974500182016,95.37645455435994
16.0,5672.834419728008,1075.0328021221665,10.0,20.0,0.1,200.0,101.0,2.0,56.16667742304958,95.37645455435994
17.0,5873.213827411313,1460.0979717653465,9.0,20.0,0.1,200.0,101.0,2.0,58.15063195456746,95.37645455435994
0.0,5575.714371918307,840.2902006345522,10.0,20.0,0.2,100.0,101.0,0.0,55.20509279127037,87.39028135181873
1.0,6559.506717487688,686.0538033604574,4.0,20.0,0.2,100.0,101.0,0.0,64.94561106423453,87.39028135181873
2.0,6756.103641721809,243.26311581118614,4.0,20.0,0.2,100.0,101.0,0.0,66.89211526457237,87.39028135181873
3.0,6576.145233839397,1392.4019670198202,4.0,20.0,0.2,100.0,101.0,0.0,65.11034884989502,87.39028135181873
4.0,5632.0785485002125,876.8876256183411,10.0,20.0,0.2,100.0,101.0,0.0,55.763153945546655,87.39028135181873
5.0,6939.134572494948,901.1655774770168,4.0,20.0,0.2,100.0,101.0,0.0,68.70430269796978,87.39028135181873
6.0,4812.543580572851,1574.4607358123906,7.0,20.0,0.2,100.0,101.0,0.0,47.64894634230546,87.39028135181873
7.0,8855.46929470036,0.0,1.0,20.0,0.2,100.0,101.0,0.0,87.67791380891445,87.39028135181873
9.0,6210.409893283627,2553.168611884957,3.0,20.0,0.2,100.0,101.0,0.0,61.48920686419432,87.39028135181873
11.0,5770.572357400481,1816.163152400057,6.0,20.0,0.2,100.0,101.0,0.0,57.13437977624239,87.39028135181873
12.0,5255.519458558748,1465.865353030164,10.0,20.0,0.2,100.0,101.0,0.0,52.034846124344035,87.39028135181873
13.0,7381.796277631547,1037.4039099320005,3.0,20.0,0.2,100.0,101.0,0.0,73.08709185773809,87.39028135181873
14.0,7355.942255727829,0.0,1.0,20.0,0.2,100.0,101.0,0.0,72.8311114428498,87.39028135181873
15.0,5856.296756561389,0.0,1.0,20.0,0.2,100.0,101.0,0.0,57.983136203578105,87.39028135181873
16.0,5798.9229324084245,1350.0950448721078,6.0,20.0,0.2,100.0,101.0,0.0,57.41507853869727,87.39028135181873
17.0,5385.3664698244875,947.8171987251279,9.0,20.0,0.2,100.0,101.0,0.0,53.320460097272154,87.39028135181873
18.0,5341.13538069206,1477.6343809257332,9.0,20.0,0.2,100.0,101.0,0.0,52.88252852170356,87.39028135181873
19.0,5733.833056796199,1241.1800851112669,9.0,20.0,0.2,100.0,101.0,0.0,56.770624324714845,87.39028135181873
0.0,9766.763912803313,0.0,1.0,20.0,0.2,100.0,101.0,1.0,96.7006328000328,97.87459977152317
1.0,5849.296458643466,1097.3613358604487,9.0,20.0,0.2,100.0,101.0,1.0,57.913826323202635,97.87459977152317
2.0,5246.989911451507,1444.0178407313715,10.0,20.0,0.2,100.0,101.0,1.0,51.95039516288621,97.87459977152317
3.0,7358.822766439513,1153.6518117356816,5.0,20.0,0.2,100.0,101.0,1.0,72.85963135088626,97.87459977152317
4.0,6759.745291099182,572.61192565945,7.0,20.0,0.2,100.0,101.0,1.0,66.92817119900181,97.87459977152317
6.0,8727.088612212698,83.39407959623513,2.0,20.0,0.2,100.0,101.0,1.0,86.40681794269997,97.87459977152317
7.0,6947.667086661428,1604.5984690612486,3.0,20.0,0.2,100.0,101.0,1.0,68.78878303625176,97.87459977152317
8.0,5741.495432629344,953.8850998275668,11.0,20.0,0.2,100.0,101.0,1.0,56.8464894319737,97.87459977152317
9.0,9913.376053207277,0.0,1.0,20.0,0.2,100.0,101.0,1.0,98.1522381505671,97.87459977152317
11.0,5960.742739557126,0.0,1.0,20.0,0.2,100.0,101.0,1.0,59.017254847100254,97.87459977152317
12.0,7706.004969270691,1216.9973620795731,2.0,20.0,0.2,100.0,101.0,1.0,76.29707890367021,97.87459977152317
13.0,5377.592712896766,1536.7634029645765,8.0,20.0,0.2,100.0,101.0,1.0,53.24349220689867,97.87459977152317
14.0,5282.080655531167,1294.8722357906574,11.0,20.0,0.2,100.0,101.0,1.0,52.29782827258582,97.87459977152317
15.0,6015.003652870772,1871.1012500117704,7.0,20.0,0.2,100.0,101.0,1.0,59.554491612581906,97.87459977152317
16.0,6016.373970322833,864.661161000142,7.0,20.0,0.2,100.0,101.0,1.0,59.56805911210726,97.87459977152317
17.0,5918.991955428021,1235.7166978419054,9.0,20.0,0.2,100.0,101.0,1.0,58.603880746812095,97.87459977152317
18.0,8469.125396998026,834.9949123202749,2.0,20.0,0.2,100.0,101.0,1.0,83.85272670295076,97.87459977152317
19.0,7034.660091034955,611.4798845347549,5.0,20.0,0.2,100.0,101.0,1.0,69.65009991123718,97.87459977152317
0.0,8276.009829111916,712.115794594619,6.0,20.0,0.2,100.0,101.0,2.0,81.9406913773457,98.74006116830573
2.0,8499.546576495637,708.9657449615735,4.0,20.0,0.2,100.0,101.0,2.0,84.1539264999568,98.74006116830573
4.0,7155.855739391135,635.6673083293016,7.0,20.0,0.2,100.0,101.0,2.0,70.8500568256548,98.74006116830573
5.0,6746.8656140309495,1780.9823973009093,7.0,20.0,0.2,100.0,101.0,2.0,66.80064964387078,98.74006116830573
6.0,6720.050907177863,1141.5262862877582,9.0,20.0,0.2,100.0,101.0,2.0,66.53515749681053,98.74006116830573
7.0,6999.937382845166,1810.5591336529126,6.0,20.0,0.2,100.0,101.0,2.0,69.30631072123927,98.74006116830573
8.0,6502.1033050936985,2612.783807963266,6.0,20.0,0.2,100.0,101.0,2.0,64.37726044647226,98.74006116830573
9.0,7341.789602480147,412.50537402993547,5.0,20.0,0.2,100.0,101.0,2.0,72.69098616316977,98.74006116830573
10.0,7205.151895826028,1182.6706476746228,7.0,20.0,0.2,100.0,101.0,2.0,71.33813758243592,98.74006116830573
11.0,6552.0390874691075,1596.1694549976294,10.0,20.0,0.2,100.0,101.0,2.0,64.8716741333575,98.74006116830573
12.0,9113.152953740524,1579.2166436574907,2.0,20.0,0.2,100.0,101.0,2.0,90.22923716574776,98.74006116830573
13.0,7949.255496984314,1259.1864369043149,2.0,20.0,0.2,100.0,101.0,2.0,78.70549997014173,98.74006116830573
14.0,6662.269701187374,0.0,1.0,20.0,0.2,100.0,101.0,2.0,65.96306634838984,98.74006116830573
15.0,9607.296515273563,700.07888968073,2.0,20.0,0.2,100.0,101.0,2.0,95.12174767597587,98.74006116830573
16.0,6935.601524835532,1435.1779392471853,7.0,20.0,0.2,100.0,101.0,2.0,68.66932202807457,98.74006116830573
17.0,6830.951737885465,2524.9376727662343,6.0,20.0,0.2,100.0,101.0,2.0,67.63318552361847,98.74006116830573
18.0,7906.99099246463,327.7778582561706,6.0,20.0,0.2,100.0,101.0,2.0,78.28703952935277,98.74006116830573
19.0,7078.977912277376,1104.648089504707,8.0,20.0,0.2,100.0,101.0,2.0,70.08889022056808,98.74006116830573
0.0,5549.875911304928,642.868898476403,6.0,20.0,0.4,50.0,101.0,0.0,54.94926644856365,93.86175445777157
2.0,4905.352828273398,1186.1339065482825,8.0,20.0,0.4,50.0,101.0,0.0,48.56784978488513,93.86175445777157
3.0,4882.749352578156,1195.97649823176,10.0,20.0,0.4,50.0,101.0,0.0,48.344052995823326,93.86175445777157
4.0,7311.263156105369,626.5324844810787,3.0,20.0,0.4,50.0,101.0,0.0,72.38874411985513,93.86175445777157
5.0,4596.9317029627455,1526.0966875025254,7.0,20.0,0.4,50.0,101.0,0.0,45.514175276858865,93.86175445777157
6.0,4979.585486414722,1827.1520322806834,7.0,20.0,0.4,50.0,101.0,0.0,49.30282659816557,93.86175445777157
7.0,6285.315890738686,1578.2003616018894,4.0,20.0,0.4,50.0,101.0,0.0,62.23085040335333,93.86175445777157
8.0,5462.279897729186,1079.6575258262255,8.0,20.0,0.4,50.0,101.0,0.0,54.08197918543748,93.86175445777157
9.0,4960.726725611961,2860.205525333282,3.0,20.0,0.4,50.0,101.0,0.0,49.11610619417783,93.86175445777157
10.0,5186.739292839617,1094.4836639250727,6.0,20.0,0.4,50.0,101.0,0.0,51.35385438455066,93.86175445777157
11.0,6680.113181626448,518.186756147107,5.0,20.0,0.4,50.0,101.0,0.0,66.13973447154899,93.86175445777157
13.0,5135.536606523429,1258.433934635727,6.0,20.0,0.4,50.0,101.0,0.0,50.84689709429138,93.86175445777157
14.0,4952.158527530046,1622.325250533279,9.0,20.0,0.4,50.0,101.0,0.0,49.03127254980243,93.86175445777157
16.0,8169.099109082763,0.0,1.0,20.0,0.4,50.0,101.0,0.0,80.88216939685904,93.86175445777157
18.0,5040.268789188601,1571.331138027077,9.0,20.0,0.4,50.0,101.0,0.0,49.90365137810496,93.86175445777157
19.0,4925.499940434665,1431.1146334241093,9.0,20.0,0.4,50.0,101.0,0.0,48.767326142917476,93.86175445777157
1.0,5232.756966974857,1568.7127476598048,6.0,20.0,0.4,50.0,101.0,1.0,51.80947492054314,97.68740665446515
2.0,4836.636575670609,1393.5325145248996,7.0,20.0,0.4,50.0,101.0,1.0,47.887490848223855,97.68740665446515
4.0,6383.516661680271,0.0,1.0,20.0,0.4,50.0,101.0,1.0,63.2031352641611,97.68740665446515
5.0,4342.702433585189,1249.9408195920682,15.0,20.0,0.4,50.0,101.0,1.0,42.997053797873164,97.68740665446515
6.0,4426.848761929569,1215.9842841430964,6.0,20.0,0.4,50.0,101.0,1.0,43.830185761678905,97.68740665446515
7.0,4851.862643056443,1676.8140681806985,6.0,20.0,0.4,50.0,101.0,1.0,48.03824399065785,97.68740665446515
8.0,4769.472041035095,1084.8405525559963,5.0,20.0,0.4,50.0,101.0,1.0,47.222495455793016,97.68740665446515
9.0,4885.604545766945,771.8255969212111,5.0,20.0,0.4,50.0,101.0,1.0,48.37232223531629,97.68740665446515
10.0,6672.748700269099,0.0,1.0,20.0,0.4,50.0,101.0,1.0,66.06681881454553,97.68740665446515
11.0,6519.639310106162,1094.0354165107053,2.0,20.0,0.4,50.0,101.0,1.0,64.55088425847686,97.68740665446515
12.0,4974.770121688157,827.498309845339,7.0,20.0,0.4,50.0,101.0,1.0,49.255149719684724,97.68740665446515
13.0,4478.043070532453,1107.607777348748,12.0,20.0,0.4,50.0,101.0,1.0,44.33706010428172,97.68740665446515
14.0,5019.190507839469,2741.4671234296434,2.0,20.0,0.4,50.0,101.0,1.0,49.69495552316306,97.68740665446515
15.0,5246.95845341179,1074.8571255816187,2.0,20.0,0.4,50.0,101.0,1.0,51.95008369714644,97.68740665446515
16.0,4770.962411956372,1154.7074167177009,5.0,20.0,0.4,50.0,101.0,1.0,47.23725160352844,97.68740665446515
17.0,5203.516055503622,491.09383694355347,5.0,20.0,0.4,50.0,101.0,1.0,51.519960945580415,97.68740665446515
18.0,5340.863153889508,574.4339308052362,5.0,20.0,0.4,50.0,101.0,1.0,52.87983320682681,97.68740665446515
19.0,4668.591051680309,1330.2421243105505,9.0,20.0,0.4,50.0,101.0,1.0,46.223673779012955,97.68740665446515
0.0,5787.155504874882,476.0255739114808,3.0,20.0,0.4,50.0,101.0,2.0,57.298569355196854,86.43965046768699
2.0,5075.343553184048,873.6475031378861,7.0,20.0,0.4,50.0,101.0,2.0,50.25092626914899,86.43965046768699
3.0,5459.229224036004,1641.675008671668,4.0,20.0,0.4,50.0,101.0,2.0,54.05177449540598,86.43965046768699
4.0,3994.610262981087,798.612833465722,12.0,20.0,0.4,50.0,101.0,2.0,39.55059666317908,86.43965046768699
7.0,4293.21368913414,1209.9956019651318,9.0,20.0,0.4,50.0,101.0,2.0,42.507066229050885,86.43965046768699
9.0,4916.47101713679,743.4034929282,4.0,20.0,0.4,50.0,101.0,2.0,48.67793086274049,86.43965046768699
10.0,4264.1970767587845,1150.845084513034,9.0,20.0,0.4,50.0,101.0,2.0,42.21977303721569,86.43965046768699
11.0,3694.1997230862044,1486.6755469701804,9.0,20.0,0.4,50.0,101.0,2.0,36.576234882041625,86.43965046768699
13.0,5682.785326781644,1593.4722704593712,4.0,20.0,0.4,50.0,101.0,2.0,56.2652012552638,86.43965046768699
14.0,4202.425780804972,944.2509772819353,10.0,20.0,0.4,50.0,101.0,2.0,41.608176047573984,86.43965046768699
15.0,4024.424786684406,750.2082881133091,6.0,20.0,0.4,50.0,101.0,2.0,39.84578996717234,86.43965046768699
16.0,5994.678961612673,642.8682743517695,2.0,20.0,0.4,50.0,101.0,2.0,59.353257045670034,86.43965046768699
17.0,4000.8151250914616,1230.7421144522832,10.0,20.0,0.4,50.0,101.0,2.0,39.61203094149962,86.43965046768699
18.0,4218.115537500217,1152.5889334777826,7.0,20.0,0.4,50.0,101.0,2.0,41.76352017326948,86.43965046768699
19.0,4866.154369408409,1590.7196692359155,5.0,20.0,0.4,50.0,101.0,2.0,48.17974623176643,86.43965046768699
0.0,2197.0467168363034,91.10465915866065,2.0,20.0,0.8,25.0,101.0,0.0,21.75293779045845,95.54477027911224
3.0,2307.3359700186743,651.6452536401215,14.0,20.0,0.8,25.0,101.0,0.0,22.8449105942443,95.54477027911224
4.0,2207.5187945295193,511.43002730685345,15.0,20.0,0.8,25.0,101.0,0.0,21.856621728015043,95.54477027911224
7.0,2114.033813781885,618.3160974170764,6.0,20.0,0.8,25.0,101.0,0.0,20.93102785922658,95.54477027911224
8.0,2258.1360709429982,514.3793501887857,9.0,20.0,0.8,25.0,101.0,0.0,22.357782880623745,95.54477027911224
9.0,2100.191432919325,337.6664006813666,10.0,20.0,0.8,25.0,101.0,0.0,20.793974583359653,95.54477027911224
12.0,2380.7068328416335,488.1383823244985,6.0,20.0,0.8,25.0,101.0,0.0,23.571354780610232,95.54477027911224
14.0,2225.6311085646353,579.0580417305719,14.0,20.0,0.8,25.0,101.0,0.0,22.035951569946885,95.54477027911224
15.0,2197.1945400876184,491.8632824907932,17.0,20.0,0.8,25.0,101.0,0.0,21.754401387006123,95.54477027911224
17.0,2287.1222822747536,702.4848220065975,8.0,20.0,0.8,25.0,101.0,0.0,22.644775072027265,95.54477027911224
0.0,2192.7077261948975,595.6717697147212,7.0,20.0,0.8,25.0,101.0,1.0,21.709977487078195,96.70678193573539
1.0,1444.789000510966,336.07179662895976,2.0,20.0,0.8,25.0,101.0,1.0,14.304841589217485,96.70678193573539
2.0,2399.1703022084635,438.505595648807,12.0,20.0,0.8,25.0,101.0,1.0,23.754161408004588,96.70678193573539
4.0,2529.6446427826236,674.4803098472953,6.0,20.0,0.8,25.0,101.0,1.0,25.045986562204195,96.70678193573539
5.0,2298.4489966327815,700.2742948730695,15.0,20.0,0.8,25.0,101.0,1.0,22.75692075874041,96.70678193573539
6.0,2452.2073547165987,670.6889152837367,6.0,20.0,0.8,25.0,101.0,1.0,24.279280739768303,96.70678193573539
8.0,2264.1190174851977,569.3976919907418,5.0,20.0,0.8,25.0,101.0,1.0,22.417019975100967,96.70678193573539
9.0,2256.687665777621,463.61493489707834,6.0,20.0,0.8,25.0,101.0,1.0,22.343442235421993,96.70678193573539
12.0,2409.1515227796817,608.6455303974136,14.0,20.0,0.8,25.0,101.0,1.0,23.852985374056253,96.70678193573539
13.0,1967.9821913052106,381.90709771881103,6.0,20.0,0.8,25.0,101.0,1.0,19.4849721911407,96.70678193573539
15.0,2258.717424692169,425.9425262645572,18.0,20.0,0.8,25.0,101.0,1.0,22.36353885833831,96.70678193573539
17.0,2030.5893751713934,363.0797441954759,4.0,20.0,0.8,25.0,101.0,1.0,20.104845298726666,96.70678193573539
1.0,2020.8420251732953,325.87755861159724,5.0,20.0,0.8,25.0,101.0,2.0,20.008336882903915,92.36666097257267
2.0,2091.86011771041,592.7767530905647,13.0,20.0,0.8,25.0,101.0,2.0,20.711486313964457,92.36666097257267
3.0,1639.332388879457,287.40694536856773,5.0,20.0,0.8,25.0,101.0,2.0,16.231013751281754,92.36666097257267
4.0,1767.3609971160586,245.88873227243383,5.0,20.0,0.8,25.0,101.0,2.0,17.498623733822363,92.36666097257267
5.0,1714.8400335383103,301.6164592910352,4.0,20.0,0.8,25.0,101.0,2.0,16.978614193448617,92.36666097257267
6.0,1860.2552492753493,406.9798491563958,14.0,20.0,0.8,25.0,101.0,2.0,18.41836880470643,92.36666097257267
7.0,1706.3756482064382,495.54146927211235,14.0,20.0,0.8,25.0,101.0,2.0,16.894808398083548,92.36666097257267
10.0,2377.4789445008028,589.9994002479219,4.0,20.0,0.8,25.0,101.0,2.0,23.53939549010696,92.36666097257267
12.0,2106.4217372249377,516.6172940384175,16.0,20.0,0.8,25.0,101.0,2.0,20.855660764603343,92.36666097257267
13.0,2177.768199472901,765.8520149998343,5.0,20.0,0.8,25.0,101.0,2.0,21.56206138091981,92.36666097257267
15.0,2058.0199971519846,502.714808100922,16.0,20.0,0.8,25.0,101.0,2.0,20.376435615366184,92.36666097257267
0.0,22098.97015942254,1962.5930007953818,2.0,40.0,0.1,400.0,101.0,0.0,218.80168474675784,99.25737007769101
1.0,12567.903715921879,7202.682079755355,4.0,40.0,0.1,400.0,101.0,0.0,124.43469025665226,99.25737007769101
2.0,7972.518208333356,7107.3519954075555,7.0,40.0,0.1,400.0,101.0,0.0,78.93582384488471,99.25737007769101
3.0,13706.734868330488,9866.044738664588,3.0,40.0,0.1,400.0,101.0,0.0,135.71024622109394,99.25737007769101
4.0,18062.723002454084,1951.4538590991087,3.0,40.0,0.1,400.0,101.0,0.0,178.83884160845628,99.25737007769101
6.0,8693.610571580179,7007.613076766341,7.0,40.0,0.1,400.0,101.0,0.0,86.07535219386315,99.25737007769101
7.0,14555.084434304312,10871.899019219443,3.0,40.0,0.1,400.0,101.0,0.0,144.10974687430013,99.25737007769101
8.0,14029.669951008314,4492.264349564638,4.0,40.0,0.1,400.0,101.0,0.0,138.90762327731005,99.25737007769101
10.0,16017.484655562612,5692.82457893511,3.0,40.0,0.1,400.0,101.0,0.0,158.58895698576845,99.25737007769101
11.0,10383.902467050917,8019.923968310923,5.0,40.0,0.1,400.0,101.0,0.0,102.81091551535562,99.25737007769101
12.0,21474.406478466673,1625.6758313412047,2.0,40.0,0.1,400.0,101.0,0.0,212.61788592541262,99.25737007769101
13.0,19160.40763858441,4109.356121075534,2.0,40.0,0.1,400.0,101.0,0.0,189.7070063226179,99.25737007769101
14.0,20137.157445415323,5123.384072275305,2.0,40.0,0.1,400.0,101.0,0.0,199.37779648926062,99.25737007769101
15.0,11014.439842315302,7818.0912197102525,5.0,40.0,0.1,400.0,101.0,0.0,109.05385982490398,99.25737007769101
16.0,17862.368494224655,0.0,1.0,40.0,0.1,400.0,101.0,0.0,176.8551336061847,99.25737007769101
17.0,14662.07405572082,14142.7674169886,2.0,40.0,0.1,400.0,101.0,0.0,145.16905005664177,99.25737007769101
18.0,9875.038230899065,0.0,1.0,40.0,0.1,400.0,101.0,0.0,97.7726557514759,99.25737007769101
19.0,11418.989267211278,7311.879920403045,4.0,40.0,0.1,400.0,101.0,0.0,113.05929967535918,99.25737007769101
20.0,16319.044951225236,2238.4250293715754,3.0,40.0,0.1,400.0,101.0,0.0,161.57470248737857,99.25737007769101
21.0,12109.6061101957,8148.138223176246,4.0,40.0,0.1,400.0,101.0,0.0,119.89709019995743,99.25737007769101
22.0,15998.357994744214,0.0,1.0,40.0,0.1,400.0,101.0,0.0,158.39958410637837,99.25737007769101
23.0,22337.643395218198,0.0,1.0,40.0,0.1,400.0,101.0,0.0,221.1647860912693,99.25737007769101
24.0,16502.80937542568,5511.169116546289,3.0,40.0,0.1,400.0,101.0,0.0,163.39415223193743,99.25737007769101
25.0,16656.697163512617,2077.812539031973,3.0,40.0,0.1,400.0,101.0,0.0,164.91779369814472,99.25737007769101
27.0,21851.659222801914,1226.043452529919,2.0,40.0,0.1,400.0,101.0,0.0,216.35306161190013,99.25737007769101
29.0,11839.215583231033,7674.5787427472405,5.0,40.0,0.1,400.0,101.0,0.0,117.21995626961419,99.25737007769101
30.0,21140.159825082686,222.49072086822403,2.0,40.0,0.1,400.0,101.0,0.0,209.30851311963056,99.25737007769101
34.0,11123.857284207026,7782.3700407737815,5.0,40.0,0.1,400.0,101.0,0.0,110.13720083373293,99.25737007769101
36.0,11407.534094409488,7610.6643094874535,4.0,40.0,0.1,400.0,101.0,0.0,112.94588212286621,99.25737007769101
37.0,12513.247053818952,8257.10088478196,4.0,40.0,0.1,400.0,101.0,0.0,123.89353518632626,99.25737007769101
38.0,21255.136286042543,694.671454960059,2.0,40.0,0.1,400.0,101.0,0.0,210.4468939212133,99.25737007769101
39.0,20719.505001744117,4061.601798032141,2.0,40.0,0.1,400.0,101.0,0.0,205.14361387865463,99.25737007769101
0.0,15129.168073432644,1412.8787146056393,3.0,40.0,0.1,400.0,101.0,1.0,149.7937433013133,99.9724813678083
1.0,14490.265102192821,1872.3554980338815,3.0,40.0,0.1,400.0,101.0,1.0,143.46797130883982,99.9724813678083
2.0,19258.11281712227,1321.4634913590191,2.0,40.0,0.1,400.0,101.0,1.0,190.67438432794327,99.9724813678083
4.0,11316.403235184811,6193.730073594152,5.0,40.0,0.1,400.0,101.0,1.0,112.04359638796842,99.9724813678083
6.0,17279.80672401977,4970.156770179232,2.0,40.0,0.1,400.0,101.0,1.0,171.08719528732445,99.9724813678083
7.0,8184.6613000528505,6153.736692187698,6.0,40.0,0.1,400.0,101.0,1.0,81.03625049557277,99.9724813678083
9.0,12115.795367727824,5623.562076241024,4.0,40.0,0.1,400.0,101.0,1.0,119.95836997750321,99.9724813678083
10.0,19546.785876845257,614.487963766168,2.0,40.0,0.1,400.0,101.0,1.0,193.53253343411146,99.9724813678083
11.0,9704.244817041706,5572.683986697335,5.0,40.0,0.1,400.0,101.0,1.0,96.08163185189808,99.9724813678083
13.0,12042.913626063095,6149.775290497228,4.0,40.0,0.1,400.0,101.0,1.0,119.23676857488212,99.9724813678083
14.0,12340.844949459315,0.0,1.0,40.0,0.1,400.0,101.0,1.0,122.18658365801302,99.9724813678083
16.0,11532.971455099429,12997.305558808248,2.0,40.0,0.1,400.0,101.0,1.0,114.18783618910325,99.9724813678083
17.0,15890.76231312478,709.5407504963636,3.0,40.0,0.1,400.0,101.0,1.0,157.33428032796812,99.9724813678083
19.0,7529.470526714694,5874.385731137374,7.0,40.0,0.1,400.0,101.0,1.0,74.54921313578905,99.9724813678083
20.0,20271.817854691875,0.0,1.0,40.0,0.1,400.0,101.0,1.0,200.7110678682364,99.9724813678083
22.0,15846.933711459671,2848.7151363569606,3.0,40.0,0.1,400.0,101.0,1.0,156.90033377682843,99.9724813678083
23.0,24262.233210330847,0.0,1.0,40.0,0.1,400.0,101.0,1.0,240.22013079535492,99.9724813678083
24.0,23051.188297762423,0.0,1.0,40.0,0.1,400.0,101.0,1.0,228.22958710655865,99.9724813678083
25.0,7987.840013171379,5951.356525414737,6.0,40.0,0.1,400.0,101.0,1.0,79.08752488288494,99.9724813678083
26.0,20129.10522562868,705.377897421556,2.0,40.0,0.1,400.0,101.0,1.0,199.298071540878,99.9724813678083
27.0,19113.477465575656,2111.7501953477818,2.0,40.0,0.1,400.0,101.0,1.0,189.24235114431343,99.9724813678083
28.0,13578.032810046387,12728.98760917925,2.0,40.0,0.1,400.0,101.0,1.0,134.43596841630085,99.9724813678083
29.0,19608.78175218698,754.7889941963833,2.0,40.0,0.1,400.0,101.0,1.0,194.1463539820493,99.9724813678083
30.0,5353.630956250501,0.0,1.0,40.0,0.1,400.0,101.0,1.0,53.006247091589124,99.9724813678083
31.0,12883.063333173366,14567.68429966429,2.0,40.0,0.1,400.0,101.0,1.0,127.55508250666699,99.9724813678083
32.0,10021.626214626971,6701.085370288906,5.0,40.0,0.1,400.0,101.0,1.0,99.22402192699971,99.9724813678083
33.0,12612.491180080924,5790.828799040016,3.0,40.0,0.1,400.0,101.0,1.0,124.87615029783093,99.9724813678083
34.0,24288.79715924106,0.0,1.0,40.0,0.1,400.0,101.0,1.0,240.48314019050557,99.9724813678083
36.0,12663.679405011402,5613.328651196186,4.0,40.0,0.1,400.0,101.0,1.0,125.38296440605349,99.9724813678083
37.0,6625.542555957869,5136.896186889475,8.0,40.0,0.1,400.0,101.0,1.0,65.59943124710762,99.9724813678083
38.0,13166.649578736953,8545.800874279517,3.0,40.0,0.1,400.0,101.0,1.0,130.36286711620747,99.9724813678083
39.0,10478.293075454083,5314.840853619113,5.0,40.0,0.1,400.0,101.0,1.0,103.74547599459488,99.9724813678083
0.0,7602.4733572363175,5591.891414019471,6.0,40.0,0.1,400.0,101.0,2.0,75.27201343798335,98.17471666489737
2.0,16488.681777922484,8833.885906364036,2.0,40.0,0.1,400.0,101.0,2.0,163.2542750289355,98.17471666489737
4.0,16549.38220069425,9786.973467834427,2.0,40.0,0.1,400.0,101.0,2.0,163.85526931380446,98.17471666489737
5.0,18057.38301738686,5969.191011608104,2.0,40.0,0.1,400.0,101.0,2.0,178.78597046917682,98.17471666489737
6.0,20044.189207382446,69.4557382664525,2.0,40.0,0.1,400.0,101.0,2.0,198.4573188849747,98.17471666489737
7.0,9954.602564297118,7011.101930608347,6.0,40.0,0.1,400.0,101.0,2.0,98.56042142868434,98.17471666489737
8.0,13915.500670066836,3081.701682713705,4.0,40.0,0.1,400.0,101.0,2.0,137.7772343570974,98.17471666489737
9.0,8302.087166999821,6552.762227319316,6.0,40.0,0.1,400.0,101.0,2.0,82.19888284158239,98.17471666489737
10.0,26855.79371689689,0.0,1.0,40.0,0.1,400.0,101.0,2.0,265.8989476920484,98.17471666489737
11.0,16389.41119351534,1353.7923005333334,3.0,40.0,0.1,400.0,101.0,2.0,162.27139795559745,98.17471666489737
12.0,10364.09866433659,6311.103394936855,5.0,40.0,0.1,400.0,101.0,2.0,102.61483826075832,98.17471666489737
13.0,13291.867353914786,9618.72059317281,3.0,40.0,0.1,400.0,101.0,2.0,131.60264706846323,98.17471666489737
14.0,20280.708334963252,318.32830305837507,2.0,40.0,0.1,400.0,101.0,2.0,200.79909242537875,98.17471666489737
16.0,14348.937191684654,0.0,1.0,40.0,0.1,400.0,101.0,2.0,142.06868506618468,98.17471666489737
17.0,17889.943130894935,6698.492463885502,2.0,40.0,0.1,400.0,101.0,2.0,177.12814981084094,98.17471666489737
18.0,10211.999604021623,5966.872104105415,6.0,40.0,0.1,400.0,101.0,2.0,101.10890697051111,98.17471666489737
19.0,13750.30474429861,5314.844847895308,3.0,40.0,0.1,400.0,101.0,2.0,136.1416311316694,98.17471666489737
21.0,24955.803657750403,0.0,1.0,40.0,0.1,400.0,101.0,2.0,247.0871649282218,98.17471666489737
22.0,14154.613828595344,4967.264477941483,4.0,40.0,0.1,400.0,101.0,2.0,140.14469137223114,98.17471666489737
23.0,14964.147228242464,5106.054606535947,3.0,40.0,0.1,400.0,101.0,2.0,148.15987354695508,98.17471666489737
25.0,14044.20368764682,7990.47314874614,3.0,40.0,0.1,400.0,101.0,2.0,139.0515216598695,98.17471666489737
26.0,8418.73260447975,6534.1945575475,7.0,40.0,0.1,400.0,101.0,2.0,83.35378816316585,98.17471666489737
28.0,14474.65954778046,15434.56319756647,2.0,40.0,0.1,400.0,101.0,2.0,143.31346086911347,98.17471666489737
29.0,11099.913330889027,6529.959876643388,5.0,40.0,0.1,400.0,101.0,2.0,109.90013198900027,98.17471666489737
30.0,23775.378645890367,0.0,1.0,40.0,0.1,400.0,101.0,2.0,235.39978857317195,98.17471666489737
31.0,20669.020663904557,866.3463815370727,2.0,40.0,0.1,400.0,101.0,2.0,204.64376894955006,98.17471666489737
33.0,10154.20978294666,5830.076528766635,5.0,40.0,0.1,400.0,101.0,2.0,100.53673052422435,98.17471666489737
34.0,19827.25995847261,1396.1343265540704,2.0,40.0,0.1,400.0,101.0,2.0,196.30950453933275,98.17471666489737
35.0,16210.400575532189,967.2152521553785,3.0,40.0,0.1,400.0,101.0,2.0,160.4990155993286,98.17471666489737
36.0,11308.954240586483,6908.169967573364,4.0,40.0,0.1,400.0,101.0,2.0,111.9698439662028,98.17471666489737
39.0,15579.58324245152,637.3649021973054,3.0,40.0,0.1,400.0,101.0,2.0,154.25329943021308,98.17471666489737
1.0,20496.14269027738,0.0,1.0,40.0,0.2,200.0,101.0,0.0,202.93210584433047,99.63504956544712
2.0,8787.070302686723,5694.901982384714,6.0,40.0,0.2,200.0,101.0,0.0,87.00069606620518,99.63504956544712
3.0,10534.072259528053,7445.375127506282,4.0,40.0,0.2,200.0,101.0,0.0,104.2977451438421,99.63504956544712
4.0,15628.43122428464,0.0,1.0,40.0,0.2,200.0,101.0,0.0,154.7369428146994,99.63504956544712
6.0,8661.624849883534,5506.2092604772315,6.0,40.0,0.2,200.0,101.0,0.0,85.75866188003499,99.63504956544712
7.0,6661.633769330254,4620.129400531428,8.0,40.0,0.2,200.0,101.0,0.0,65.95676999336885,99.63504956544712
8.0,14021.106167822982,5342.592659995014,3.0,40.0,0.2,200.0,101.0,0.0,138.822833344782,99.63504956544712
9.0,11532.230663889706,7462.69558842934,4.0,40.0,0.2,200.0,101.0,0.0,114.18050162267036,99.63504956544712
10.0,13016.486512873204,3791.099476630541,4.0,40.0,0.2,200.0,101.0,0.0,128.8761040878535,99.63504956544712
13.0,10383.919568011095,7689.139929694603,4.0,40.0,0.2,200.0,101.0,0.0,102.81108483179302,99.63504956544712
15.0,13305.80706652909,8744.182146406214,3.0,40.0,0.2,200.0,101.0,0.0,131.7406640250405,99.63504956544712
16.0,8932.633968389253,5936.590519550938,5.0,40.0,0.2,200.0,101.0,0.0,88.44192047910151,99.63504956544712
17.0,9260.551394518505,9552.296868913365,3.0,40.0,0.2,200.0,101.0,0.0,91.68862766850005,99.63504956544712
18.0,17674.60665221753,5120.017412665632,2.0,40.0,0.2,200.0,101.0,0.0,174.9961054675003,99.63504956544712
19.0,10447.604349335941,5607.592452202941,4.0,40.0,0.2,200.0,101.0,0.0,103.44162722114793,99.63504956544712
21.0,9085.976215727906,6202.913533244026,5.0,40.0,0.2,200.0,101.0,0.0,89.96016055176145,99.63504956544712
22.0,10036.142550491231,5601.189907357836,4.0,40.0,0.2,200.0,101.0,0.0,99.36774802466566,99.63504956544712
23.0,14234.813323510703,2120.2017299759245,3.0,40.0,0.2,200.0,101.0,0.0,140.9387457773337,99.63504956544712
24.0,10862.59590281621,0.0,1.0,40.0,0.2,200.0,101.0,0.0,107.55045448332882,99.63504956544712
25.0,11732.883155643274,5432.410388933138,4.0,40.0,0.2,200.0,101.0,0.0,116.1671599568641,99.63504956544712
26.0,9403.139560574231,0.0,1.0,40.0,0.2,200.0,101.0,0.0,93.10039168885378,99.63504956544712
28.0,15081.316699249825,1426.8670127997716,3.0,40.0,0.2,200.0,101.0,0.0,149.3199673193052,99.63504956544712
30.0,12749.703834286833,5805.48555705229,3.0,40.0,0.2,200.0,101.0,0.0,126.23469142858251,99.63504956544712
31.0,18625.20721170351,3652.6715360231647,2.0,40.0,0.2,200.0,101.0,0.0,184.40799219508426,99.63504956544712
32.0,9175.230058723455,6122.03989813205,6.0,40.0,0.2,200.0,101.0,0.0,90.84386196755896,99.63504956544712
33.0,22669.046030531426,0.0,1.0,40.0,0.2,200.0,101.0,0.0,224.44600030229134,99.63504956544712
34.0,18847.660937694385,1645.3948720811409,2.0,40.0,0.2,200.0,101.0,0.0,186.61050433360776,99.63504956544712
35.0,14897.21929530176,3707.9332718869687,3.0,40.0,0.2,200.0,101.0,0.0,147.49722074556198,99.63504956544712
36.0,12770.125765528117,1857.883115638425,4.0,40.0,0.2,200.0,101.0,0.0,126.43688876760511,99.63504956544712
39.0,14358.120422351056,0.0,1.0,40.0,0.2,200.0,101.0,0.0,142.15960814208967,99.63504956544712
0.0,8029.627890505454,0.0,1.0,40.0,0.2,200.0,101.0,1.0,79.50126624262826,99.59650732958221
1.0,9286.211198578449,7447.718126256885,5.0,40.0,0.2,200.0,101.0,1.0,91.94268513444008,99.59650732958221
2.0,12120.379312997415,9153.141476266363,3.0,40.0,0.2,200.0,101.0,1.0,120.00375557423183,99.59650732958221
3.0,19538.240063619272,0.0,1.0,40.0,0.2,200.0,101.0,1.0,193.447921421973,99.59650732958221
4.0,12468.304676896241,2950.471777789427,4.0,40.0,0.2,200.0,101.0,1.0,123.44856115738853,99.59650732958221
6.0,10521.336261702281,4163.774796942568,5.0,40.0,0.2,200.0,101.0,1.0,104.17164615546812,99.59650732958221
7.0,15806.333188297856,2733.329227314505,2.0,40.0,0.2,200.0,101.0,1.0,156.49834839898867,99.59650732958221
8.0,12263.860474434798,0.0,1.0,40.0,0.2,200.0,101.0,1.0,121.4243611330178,99.59650732958221
9.0,9850.210770574866,4875.386498318946,5.0,40.0,0.2,200.0,101.0,1.0,97.52683931262243,99.59650732958221
10.0,9945.864683781061,7772.092026625066,4.0,40.0,0.2,200.0,101.0,1.0,98.47390776020852,99.59650732958221
12.0,10060.04930673432,5466.861584344243,5.0,40.0,0.2,200.0,101.0,1.0,99.60444858152792,99.59650732958221
14.0,17194.035403323716,0.0,1.0,40.0,0.2,200.0,101.0,1.0,170.23797429033382,99.59650732958221
16.0,12815.015887926884,3723.768354603772,4.0,40.0,0.2,200.0,101.0,1.0,126.88134542501865,99.59650732958221
17.0,11285.489602244326,3659.6415149952586,5.0,40.0,0.2,200.0,101.0,1.0,111.73752081430025,99.59650732958221
18.0,21310.58235752356,0.0,1.0,40.0,0.2,200.0,101.0,1.0,210.99586492597584,99.59650732958221
21.0,14433.707846172101,3829.3840376366666,4.0,40.0,0.2,200.0,101.0,1.0,142.9079984769515,99.59650732958221
22.0,11759.916211844415,4910.495619319124,4.0,40.0,0.2,200.0,101.0,1.0,116.43481397865757,99.59650732958221
24.0,19097.390119492105,1155.0526681557205,2.0,40.0,0.2,200.0,101.0,1.0,189.08307049002084,99.59650732958221
25.0,13298.405314968833,9048.91985468081,3.0,40.0,0.2,200.0,101.0,1.0,131.66737935612707,99.59650732958221
26.0,6658.62767269007,0.0,1.0,40.0,0.2,200.0,101.0,1.0,65.92700666029772,99.59650732958221
27.0,9911.17210648798,6529.010922340461,5.0,40.0,0.2,200.0,101.0,1.0,98.1304168959206,99.59650732958221
28.0,10641.819758701053,0.0,1.0,40.0,0.2,200.0,101.0,1.0,105.36455206634706,99.59650732958221
29.0,15008.663107892853,11704.403705686547,2.0,40.0,0.2,200.0,101.0,1.0,148.6006248306223,99.59650732958221
30.0,11938.951103820951,2788.5350494283102,4.0,40.0,0.2,200.0,101.0,1.0,118.20743667149456,99.59650732958221
31.0,9028.757294400442,6047.750312984447,6.0,40.0,0.2,200.0,101.0,1.0,89.3936365782222,99.59650732958221
32.0,17795.79229440944,1685.138274883894,2.0,40.0,0.2,200.0,101.0,1.0,176.19596331098455,99.59650732958221
33.0,8155.3850125814215,6485.55610031324,5.0,40.0,0.2,200.0,101.0,1.0,80.74638626318239,99.59650732958221
34.0,13599.168109742704,3727.884378362602,3.0,40.0,0.2,200.0,101.0,1.0,134.6452288093337,99.59650732958221
36.0,11841.692376026504,8074.460586716919,4.0,40.0,0.2,200.0,101.0,1.0,117.24447897055944,99.59650732958221
37.0,10298.808317742316,5025.139174025257,4.0,40.0,0.2,200.0,101.0,1.0,101.96839918556748,99.59650732958221
38.0,13095.106769040247,4707.413258945336,4.0,40.0,0.2,200.0,101.0,1.0,129.65452246574503,99.59650732958221
2.0,10691.724884390263,5374.945191885233,2.0,40.0,0.2,200.0,101.0,2.0,105.85866222168578,99.97628245740212
3.0,8519.839314996183,3075.99097375262,6.0,40.0,0.2,200.0,101.0,2.0,84.35484470293251,99.97628245740212
5.0,13006.151027568707,1729.4705750566764,2.0,40.0,0.2,200.0,101.0,2.0,128.7737725501852,99.97628245740212
6.0,15146.912230060561,0.0,1.0,40.0,0.2,200.0,101.0,2.0,149.9694280204016,99.97628245740212
7.0,6042.083337461364,4195.020583301176,8.0,40.0,0.2,200.0,101.0,2.0,59.822607301597664,99.97628245740212
9.0,6134.071278156325,3623.5887036796585,6.0,40.0,0.2,200.0,101.0,2.0,60.73337899164678,99.97628245740212
10.0,10062.921984219494,3264.744591710798,3.0,40.0,0.2,200.0,101.0,2.0,99.63289093286627,99.97628245740212
11.0,7485.725206839314,4715.856400655261,5.0,40.0,0.2,200.0,101.0,2.0,74.1160911568249,99.97628245740212
12.0,5012.761665674125,3829.760234632383,9.0,40.0,0.2,200.0,101.0,2.0,49.63130362053589,99.97628245740212
15.0,12440.484586453846,0.0,1.0,40.0,0.2,200.0,101.0,2.0,123.17311471736481,99.97628245740212
16.0,7544.587732816488,3298.533153135648,3.0,40.0,0.2,200.0,101.0,2.0,74.6988884437276,99.97628245740212
17.0,14202.141957124735,478.4464692625348,2.0,40.0,0.2,200.0,101.0,2.0,140.6152669022251,99.97628245740212
19.0,13342.27800666557,1577.0451535901095,2.0,40.0,0.2,200.0,101.0,2.0,132.10176244223337,99.97628245740212
20.0,11334.034473422456,2258.881809700707,2.0,40.0,0.2,200.0,101.0,2.0,112.21816310319264,99.97628245740212
21.0,12745.295084660198,1214.9517428331542,2.0,40.0,0.2,200.0,101.0,2.0,126.19104044218018,99.97628245740212
23.0,11810.86737536575,0.0,1.0,40.0,0.2,200.0,101.0,2.0,116.93928094421534,99.97628245740212
24.0,8564.19828809265,5299.580900094563,3.0,40.0,0.2,200.0,101.0,2.0,84.79404245636287,99.97628245740212
25.0,11410.067132104661,171.01901454755244,2.0,40.0,0.2,200.0,101.0,2.0,112.97096170400654,99.97628245740212
26.0,13597.293212896599,0.0,1.0,40.0,0.2,200.0,101.0,2.0,134.62666547422376,99.97628245740212
29.0,8326.898952378555,2228.954346213759,5.0,40.0,0.2,200.0,101.0,2.0,82.44454408295599,99.97628245740212
30.0,5520.3024015515675,3488.1928431123315,8.0,40.0,0.2,200.0,101.0,2.0,54.65645942130265,99.97628245740212
31.0,6234.043015116239,4227.511127622569,6.0,40.0,0.2,200.0,101.0,2.0,61.723198169467715,99.97628245740212
32.0,10470.323350238876,1061.1598748987863,3.0,40.0,0.2,200.0,101.0,2.0,103.66656782414728,99.97628245740212
33.0,13343.188162416529,1989.08370728244,2.0,40.0,0.2,200.0,101.0,2.0,132.11077388531217,99.97628245740212
34.0,11582.196182588394,960.9883039769716,3.0,40.0,0.2,200.0,101.0,2.0,114.67520972859796,99.97628245740212
37.0,10331.348403162752,6222.053517730702,2.0,40.0,0.2,200.0,101.0,2.0,102.29057824913616,99.97628245740212
38.0,6447.6580056145185,3847.052927857939,7.0,40.0,0.2,200.0,101.0,2.0,63.838198075391276,99.97628245740212
39.0,9393.26555967161,1934.494185354675,4.0,40.0,0.2,200.0,101.0,2.0,93.00262930367931,99.97628245740212
0.0,14571.916329323818,0.0,1.0,40.0,0.4,100.0,101.0,0.0,144.27639930023582,95.49840659185791
1.0,7583.424103821369,4104.269211543508,5.0,40.0,0.4,100.0,101.0,0.0,75.08340696852841,95.49840659185791
3.0,10920.902694191063,1884.8183829770003,2.0,40.0,0.4,100.0,101.0,0.0,108.12774944743627,95.49840659185791
6.0,8029.935478166697,3454.6164647059677,2.0,40.0,0.4,100.0,101.0,0.0,79.5043116650168,95.49840659185791
7.0,8008.088245384221,4528.361089062135,4.0,40.0,0.4,100.0,101.0,0.0,79.28800242954675,95.49840659185791
9.0,6993.089776808843,3258.5502664246405,5.0,40.0,0.4,100.0,101.0,0.0,69.23851264167172,95.49840659185791
10.0,11241.716942113777,4035.870491632225,2.0,40.0,0.4,100.0,101.0,0.0,111.30412813974037,95.49840659185791
11.0,8730.898681378887,2305.601226872415,2.0,40.0,0.4,100.0,101.0,0.0,86.44454139979096,95.49840659185791
12.0,7277.218105583799,4233.6694681927665,4.0,40.0,0.4,100.0,101.0,0.0,72.05166441172078,95.49840659185791
13.0,5786.274542219905,3289.9121099393406,4.0,40.0,0.4,100.0,101.0,0.0,57.28984695267233,95.49840659185791
14.0,8131.3644503277355,5162.259750756722,3.0,40.0,0.4,100.0,101.0,0.0,80.50855891413599,95.49840659185791
16.0,7633.772980883451,5110.652983336537,5.0,40.0,0.4,100.0,101.0,0.0,75.58191070181634,95.49840659185791
17.0,11868.33374679751,2295.6820937516986,2.0,40.0,0.4,100.0,101.0,0.0,117.50825491878723,95.49840659185791
18.0,7332.548827268482,7207.268916292225,2.0,40.0,0.4,100.0,101.0,0.0,72.5994933392919,95.49840659185791
19.0,7229.623143826804,3141.6648219326767,5.0,40.0,0.4,100.0,101.0,0.0,71.58042716660202,95.49840659185791
20.0,11870.885025130889,0.0,1.0,40.0,0.4,100.0,101.0,0.0,117.53351510030583,95.49840659185791
21.0,9252.271150852379,2117.892951796315,4.0,40.0,0.4,100.0,101.0,0.0,91.60664505794435,95.49840659185791
22.0,8519.502755963556,2134.6581926685435,3.0,40.0,0.4,100.0,101.0,0.0,84.35151243528274,95.49840659185791
23.0,5600.141923761058,0.0,1.0,40.0,0.4,100.0,101.0,0.0,55.446949740208495,95.49840659185791
25.0,5335.180615023471,3509.8274988948083,7.0,40.0,0.4,100.0,101.0,0.0,52.82357044577694,95.49840659185791
26.0,5518.435041840629,0.0,1.0,40.0,0.4,100.0,101.0,0.0,54.63797071129336,95.49840659185791
27.0,5646.744251210946,2633.971699275005,7.0,40.0,0.4,100.0,101.0,0.0,55.90835892288065,95.49840659185791
28.0,12943.517715939259,1676.3534187789921,2.0,40.0,0.4,100.0,101.0,0.0,128.15364075187384,95.49840659185791
29.0,9036.195140886377,3239.366105148853,4.0,40.0,0.4,100.0,101.0,0.0,89.4672786226374,95.49840659185791
30.0,7547.786584240425,3264.849126699729,4.0,40.0,0.4,100.0,101.0,0.0,74.73056024000421,95.49840659185791
31.0,7295.105545667876,3658.4589562489623,5.0,40.0,0.4,100.0,101.0,0.0,72.22876777888986,95.49840659185791
34.0,10664.545295354701,3111.405025957507,3.0,40.0,0.4,100.0,101.0,0.0,105.58955737974952,95.49840659185791
35.0,7972.817376010541,4230.58775093266,4.0,40.0,0.4,100.0,101.0,0.0,78.93878590109446,95.49840659185791
36.0,9054.186610457467,4041.778889307058,3.0,40.0,0.4,100.0,101.0,0.0,89.6454119847274,95.49840659185791
39.0,9328.260534783336,1989.120953887368,4.0,40.0,0.4,100.0,101.0,0.0,92.35901519587462,95.49840659185791
0.0,4821.867486543977,2681.7945400276794,8.0,40.0,0.4,100.0,101.0,1.0,47.74126224300967,99.98579834032805
1.0,7185.655081267119,2856.3857796266398,6.0,40.0,0.4,100.0,101.0,1.0,71.14509981452593,99.98579834032805
4.0,8202.633574458585,1886.8053972742437,3.0,40.0,0.4,100.0,101.0,1.0,81.21419380652064,99.98579834032805
6.0,5614.381192194902,2871.112465115814,6.0,40.0,0.4,100.0,101.0,1.0,55.58793259598913,99.98579834032805
7.0,12124.25735692965,0.0,1.0,40.0,0.4,100.0,101.0,1.0,120.0421520488084,99.98579834032805
8.0,10094.729263488243,0.0,1.0,40.0,0.4,100.0,101.0,1.0,99.9478144899826,99.98579834032805
14.0,8707.024828616155,4859.266098534999,2.0,40.0,0.4,100.0,101.0,1.0,86.20816661996193,99.98579834032805
16.0,13828.104910132788,0.0,1.0,40.0,0.4,100.0,101.0,1.0,136.91192980329492,99.98579834032805
17.0,4821.420291835217,3189.452948024585,9.0,40.0,0.4,100.0,101.0,1.0,47.73683457262591,99.98579834032805
18.0,8461.630783981416,5014.659150649278,2.0,40.0,0.4,100.0,101.0,1.0,83.77852261367738,99.98579834032805
20.0,4622.663574809007,2770.6278522465595,8.0,40.0,0.4,100.0,101.0,1.0,45.76894628523769,99.98579834032805
22.0,6169.979168581485,2920.8497452235397,5.0,40.0,0.4,100.0,101.0,1.0,61.088902659222626,99.98579834032805
23.0,5519.470073186034,3365.8091825174765,7.0,40.0,0.4,100.0,101.0,1.0,54.64821854639638,99.98579834032805
25.0,4408.748342438224,2556.2062743499687,6.0,40.0,0.4,100.0,101.0,1.0,43.650973687507175,99.98579834032805
26.0,8618.53297048355,0.0,1.0,40.0,0.4,100.0,101.0,1.0,85.33200960874801,99.98579834032805
27.0,8051.499911007162,1693.8934720678562,3.0,40.0,0.4,100.0,101.0,1.0,79.71782090106102,99.98579834032805
29.0,5588.91098970214,2374.997176892891,6.0,40.0,0.4,100.0,101.0,1.0,55.335752373288514,99.98579834032805
30.0,8289.053243642227,0.0,1.0,40.0,0.4,100.0,101.0,1.0,82.0698340954676,99.98579834032805
31.0,6029.706805977599,4005.7403597910125,4.0,40.0,0.4,100.0,101.0,1.0,59.700067385916824,99.98579834032805
32.0,4562.736917282639,2197.1704727392307,6.0,40.0,0.4,100.0,101.0,1.0,45.17561304240237,99.98579834032805
33.0,5736.216754526287,2590.2293264488435,6.0,40.0,0.4,100.0,101.0,1.0,56.794225292339476,99.98579834032805
37.0,5128.165806174774,2626.9557680471066,7.0,40.0,0.4,100.0,101.0,1.0,50.773918873017564,99.98579834032805
39.0,9869.207561662566,958.6070402503747,2.0,40.0,0.4,100.0,101.0,1.0,97.71492635309471,99.98579834032805
0.0,6236.051976817906,5292.713676305905,4.0,40.0,0.4,100.0,101.0,2.0,61.743088879385205,98.82279503951318
1.0,8031.148512971512,4891.506085419138,5.0,40.0,0.4,100.0,101.0,2.0,79.51632191060904,98.82279503951318
3.0,7215.688016850773,2467.831803760241,6.0,40.0,0.4,100.0,101.0,2.0,71.4424556123839,98.82279503951318
4.0,9451.768786717872,5710.230806096053,3.0,40.0,0.4,100.0,101.0,2.0,93.58186917542447,98.82279503951318
5.0,11234.292656540576,5740.314500278204,2.0,40.0,0.4,100.0,101.0,2.0,111.23062036178789,98.82279503951318
6.0,12527.872355227308,5228.7308828011155,2.0,40.0,0.4,100.0,101.0,2.0,124.03834015076542,98.82279503951318
7.0,13651.577671834748,410.10191142913544,2.0,40.0,0.4,100.0,101.0,2.0,135.16413536470048,98.82279503951318
8.0,9166.206572277191,5395.777639055323,3.0,40.0,0.4,100.0,101.0,2.0,90.75452051759595,98.82279503951318
10.0,15690.180250214189,0.0,1.0,40.0,0.4,100.0,101.0,2.0,155.3483193090514,98.82279503951318
11.0,10675.690954394448,0.0,1.0,40.0,0.4,100.0,101.0,2.0,105.69991043954899,98.82279503951318
13.0,7692.6675241414005,3947.772598001895,6.0,40.0,0.4,100.0,101.0,2.0,76.16502499149901,98.82279503951318
14.0,9143.222623620999,7924.747738265437,2.0,40.0,0.4,100.0,101.0,2.0,90.52695666951485,98.82279503951318
15.0,7941.5962766035145,4360.391651931624,6.0,40.0,0.4,100.0,101.0,2.0,78.62966610498529,98.82279503951318
17.0,8353.141426907705,2906.527005830458,4.0,40.0,0.4,100.0,101.0,2.0,82.70437056344262,98.82279503951318
19.0,11982.701989568484,2601.2102966474945,2.0,40.0,0.4,100.0,101.0,2.0,118.64061375810381,98.82279503951318
20.0,8844.932183945499,4697.931625786195,5.0,40.0,0.4,100.0,101.0,2.0,87.5735859796584,98.82279503951318
21.0,8064.974377414519,5205.077124942334,4.0,40.0,0.4,100.0,101.0,2.0,79.8512314595497,98.82279503951318
24.0,8431.178099600085,4070.8850432554004,4.0,40.0,0.4,100.0,101.0,2.0,83.47701088712955,98.82279503951318
25.0,9494.374940275373,6446.392484442571,3.0,40.0,0.4,100.0,101.0,2.0,94.00371227995419,98.82279503951318
26.0,8494.441953220456,5396.791689755723,4.0,40.0,0.4,100.0,101.0,2.0,84.10338567545006,98.82279503951318
27.0,6277.151691071785,3983.475638903745,7.0,40.0,0.4,100.0,101.0,2.0,62.15001674328499,98.82279503951318
28.0,9356.144560921086,4460.238567173719,2.0,40.0,0.4,100.0,101.0,2.0,92.635094662585,98.82279503951318
29.0,13562.010571820323,3564.3697698298133,2.0,40.0,0.4,100.0,101.0,2.0,134.2773323942606,98.82279503951318
31.0,14150.688293778154,659.1766739311838,2.0,40.0,0.4,100.0,101.0,2.0,140.10582469087282,98.82279503951318
32.0,11082.440330790112,2894.4908953615613,3.0,40.0,0.4,100.0,101.0,2.0,109.72713198802091,98.82279503951318
35.0,11995.298801330502,4298.86266825702,2.0,40.0,0.4,100.0,101.0,2.0,118.76533466663864,98.82279503951318
36.0,8307.427042892652,5003.754267348587,5.0,40.0,0.4,100.0,101.0,2.0,82.25175289992725,98.82279503951318
37.0,10459.946943313958,3824.5901350382674,3.0,40.0,0.4,100.0,101.0,2.0,103.56383112192039,98.82279503951318
38.0,7107.478946635218,3815.9180822897597,5.0,40.0,0.4,100.0,101.0,2.0,70.3710786795566,98.82279503951318
39.0,16022.245862256044,0.0,1.0,40.0,0.4,100.0,101.0,2.0,158.63609764609944,98.82279503951318
2.0,2291.6707756018805,287.4381832852204,5.0,40.0,0.8,50.0,101.0,0.0,22.689809659424558,97.60970398517519
9.0,2320.1123598530085,340.54435014044907,3.0,40.0,0.8,50.0,101.0,0.0,22.971409503495135,97.60970398517519
11.0,1908.8271288840174,296.9757818712797,4.0,40.0,0.8,50.0,101.0,0.0,18.89927850380215,97.60970398517519
13.0,2632.3896008447346,467.73805669020425,8.0,40.0,0.8,50.0,101.0,0.0,26.06326337470034,97.60970398517519
14.0,2649.266139156211,626.6504188579553,11.0,40.0,0.8,50.0,101.0,0.0,26.230357813427833,97.60970398517519
18.0,3588.108700675545,1513.1523537347339,6.0,40.0,0.8,50.0,101.0,0.0,35.525828719559854,97.60970398517519
20.0,3242.23886369527,871.0328259985394,11.0,40.0,0.8,50.0,101.0,0.0,32.10137488807198,97.60970398517519
25.0,2353.044274864181,0.0,1.0,40.0,0.8,50.0,101.0,0.0,23.297468067962186,97.60970398517519
26.0,2501.8086710012544,482.58272407026055,6.0,40.0,0.8,50.0,101.0,0.0,24.77038288120054,97.60970398517519
30.0,1757.566802158473,75.50698871244128,2.0,40.0,0.8,50.0,101.0,0.0,17.401651506519535,97.60970398517519
31.0,3229.784970185539,911.6805467213896,9.0,40.0,0.8,50.0,101.0,0.0,31.978069011738008,97.60970398517519
32.0,2875.6064263334324,898.9202419349004,11.0,40.0,0.8,50.0,101.0,0.0,28.47135075577656,97.60970398517519
34.0,2791.2702985194155,960.901075651578,5.0,40.0,0.8,50.0,101.0,0.0,27.636339589301144,97.60970398517519
36.0,2635.162387573283,950.4377573335095,6.0,40.0,0.8,50.0,101.0,0.0,26.090716708646365,97.60970398517519
37.0,2072.169135056469,656.0549028793063,4.0,40.0,0.8,50.0,101.0,0.0,20.51652608966801,97.60970398517519
39.0,2509.469950837569,1007.9275740852248,9.0,40.0,0.8,50.0,101.0,0.0,24.84623713700563,97.60970398517519
0.0,2525.598096247255,0.0,1.0,40.0,0.8,50.0,101.0,1.0,25.005921745022327,96.71193589864708
1.0,2601.131767321439,756.9991475787547,12.0,40.0,0.8,50.0,101.0,1.0,25.753779874469693,96.71193589864708
3.0,3214.9036942482726,993.7385232493057,9.0,40.0,0.8,50.0,101.0,1.0,31.8307296460225,96.71193589864708
5.0,2098.6055881955263,736.2927971025894,2.0,40.0,0.8,50.0,101.0,1.0,20.778273150450755,96.71193589864708
6.0,2602.025585802081,1048.8480190751638,8.0,40.0,0.8,50.0,101.0,1.0,25.762629562396842,96.71193589864708
10.0,2769.6469324024006,967.9740998504749,3.0,40.0,0.8,50.0,101.0,1.0,27.422246855469314,96.71193589864708
11.0,2149.1494433644007,725.917145335171,4.0,40.0,0.8,50.0,101.0,1.0,21.278707360043573,96.71193589864708
17.0,2978.8096618138165,1188.7841528102274,3.0,40.0,0.8,50.0,101.0,1.0,29.49316496845363,96.71193589864708
21.0,2679.0457224911324,798.6638568043434,2.0,40.0,0.8,50.0,101.0,1.0,26.52520517317953,96.71193589864708
22.0,2956.495046296174,1098.1702185855208,13.0,40.0,0.8,50.0,101.0,1.0,29.27222818115024,96.71193589864708
26.0,3031.5776337053494,753.0111249761059,10.0,40.0,0.8,50.0,101.0,1.0,30.01562013569653,96.71193589864708
29.0,2853.241545595275,966.3978601132577,10.0,40.0,0.8,50.0,101.0,1.0,28.249916293022526,96.71193589864708
33.0,2948.812649016203,961.1563098491307,10.0,40.0,0.8,50.0,101.0,1.0,29.196164841744586,96.71193589864708
36.0,2486.384506490152,623.9832065374443,12.0,40.0,0.8,50.0,101.0,1.0,24.617668381090613,96.71193589864708
39.0,2485.521368035158,162.9918978937147,2.0,40.0,0.8,50.0,101.0,1.0,24.609122455793646,96.71193589864708
2.0,2461.5876539675573,804.3953117588528,10.0,40.0,0.8,50.0,101.0,2.0,24.372154989777794,96.15739894906726
4.0,3166.468318969324,2.0572805252638764,2.0,40.0,0.8,50.0,101.0,2.0,31.351171474943804,96.15739894906726
7.0,2359.174783153711,594.6291537588214,12.0,40.0,0.8,50.0,101.0,2.0,23.35816616983872,96.15739894906726
8.0,2504.738237815548,524.1426290192097,3.0,40.0,0.8,50.0,101.0,2.0,24.799388493223248,96.15739894906726
14.0,3062.6200899524374,949.7823523878413,8.0,40.0,0.8,50.0,101.0,2.0,30.322971187647894,96.15739894906726
20.0,2872.4256649459307,1292.0589603315823,6.0,40.0,0.8,50.0,101.0,2.0,28.439858068771592,96.15739894906726
21.0,3172.8824748793168,948.3583818774815,3.0,40.0,0.8,50.0,101.0,2.0,31.414677969102147,96.15739894906726
24.0,1791.0559522879475,0.0,1.0,40.0,0.8,50.0,101.0,2.0,17.73322725037572,96.15739894906726
27.0,2552.4750073221253,1088.4570486277491,11.0,40.0,0.8,50.0,101.0,2.0,25.27202977546659,96.15739894906726
30.0,2724.9199661273183,1061.1289671943832,5.0,40.0,0.8,50.0,101.0,2.0,26.979405605220972,96.15739894906726
33.0,2221.4203579448304,521.699125137606,14.0,40.0,0.8,50.0,101.0,2.0,21.994260969750794,96.15739894906726
35.0,2861.983726900359,888.2973508892118,10.0,40.0,0.8,50.0,101.0,2.0,28.336472543567915,96.15739894906726
37.0,2442.3861671051213,978.3058333663587,10.0,40.0,0.8,50.0,101.0,2.0,24.182041258466548,96.15739894906726
38.0,2825.113214610437,618.4008202499375,6.0,40.0,0.8,50.0,101.0,2.0,27.97141796643997,96.15739894906726
